BO_ID;CLUST_ID;BO_QUALITY
0;CORP_CRED;0.0066
501;CORP_CRED;0.0
502;CORP_CRED;0.0
503;CORP_CRED;0.0
505;CORP_CRED;0.0
506;CORP_CRED;0.0
507;CORP_CRED;0.0
508;CORP_CRED;0.0
510;CORP_CRED;0.0005
512;CORP_CRED;0.0
513;CORP_CRED;0.0
514;CORP_CRED;0.0
515;CORP_CRED;0.0
517;CORP_CRED;0.0
518;CORP_CRED;0.0
519;CORP_CRED;0.0
520;CORP_CRED;0.0
521;CORP_CRED;0.0003
522;CORP_CRED;0.0
523;CORP_CRED;0.0
524;CORP_CRED;0.0
526;CORP_CRED;0.0
528;CORP_CRED;0.0003
529;CORP_CRED;0.0
530;CORP_CRED;0.0
531;CORP_CRED;0.0
532;CORP_CRED;0.0
533;CORP_CRED;0.0
534;CORP_CRED;0.0
535;CORP_CRED;0.0
536;CORP_CRED;0.0
538;CORP_CRED;0.0
539;CORP_CRED;0.0003
542;CORP_CRED;0.0
543;CORP_CRED;0.0
545;CORP_CRED;0.0027
546;CORP_CRED;0.0
547;CORP_CRED;0.0
548;CORP_CRED;0.0
549;CORP_CRED;0.0005
550;CORP_CRED;0.0
551;CORP_CRED;0.0
552;CORP_CRED;0.0
553;CORP_CRED;0.0
556;CORP_CRED;0.0
557;CORP_CRED;0.0
558;CORP_CRED;0.0
560;CORP_CRED;0.0
561;CORP_CRED;0.0003
562;CORP_CRED;0.0
563;CORP_CRED;0.0
564;CORP_CRED;0.0
565;CORP_CRED;0.0
568;CORP_CRED;0.0
570;CORP_CRED;0.0
572;CORP_CRED;0.0044
573;CORP_CRED;0.0
574;CORP_CRED;0.0
575;CORP_CRED;0.0
577;CORP_CRED;0.0
578;CORP_CRED;0.0
579;CORP_CRED;0.0
580;CORP_CRED;0.0
581;CORP_CRED;0.0003
582;CORP_CRED;0.0
585;CORP_CRED;0.0
586;CORP_CRED;0.0
587;CORP_CRED;0.0
590;CORP_CRED;0.0
591;CORP_CRED;0.0
592;CORP_CRED;0.0003
593;CORP_CRED;0.0
595;CORP_CRED;0.0003
596;CORP_CRED;0.0
597;CORP_CRED;0.0
598;CORP_CRED;0.0
602;CORP_CRED;0.0
603;CORP_CRED;0.0022
605;CORP_CRED;0.0
606;CORP_CRED;0.0
607;CORP_CRED;0.0
608;CORP_CRED;0.0
610;CORP_CRED;0.0003
611;CORP_CRED;0.0
612;CORP_CRED;0.0
614;CORP_CRED;0.0
615;CORP_CRED;0.0
616;CORP_CRED;0.0
619;CORP_CRED;0.0
621;CORP_CRED;0.0
622;CORP_CRED;0.0
624;CORP_CRED;0.0
626;CORP_CRED;0.0
627;CORP_CRED;0.0
628;CORP_CRED;0.0016
629;CORP_CRED;0.0
630;CORP_CRED;0.0082
631;CORP_CRED;0.0
632;CORP_CRED;0.0
633;CORP_CRED;0.0
634;CORP_CRED;0.0003
636;CORP_CRED;0.0
637;CORP_CRED;0.0
638;CORP_CRED;0.0
639;CORP_CRED;0.0003
640;CORP_CRED;0.0003
641;CORP_CRED;0.0
642;CORP_CRED;0.0
643;CORP_CRED;0.0
644;CORP_CRED;0.0
646;CORP_CRED;0.0
647;CORP_CRED;0.0005
649;CORP_CRED;0.0005
650;CORP_CRED;0.0003
651;CORP_CRED;0.0
652;CORP_CRED;0.0
653;CORP_CRED;0.0
654;CORP_CRED;0.0
655;CORP_CRED;0.0
656;CORP_CRED;0.0
657;CORP_CRED;0.0003
658;CORP_CRED;0.0041
659;CORP_CRED;0.0038
660;CORP_CRED;0.0
661;CORP_CRED;0.0
662;CORP_CRED;0.0
663;CORP_CRED;0.0
664;CORP_CRED;0.0025
665;CORP_CRED;0.0
666;CORP_CRED;0.0
667;CORP_CRED;0.0008
668;CORP_CRED;0.0016
669;CORP_CRED;0.0003
670;CORP_CRED;0.0005
671;CORP_CRED;0.0
672;CORP_CRED;0.0
673;CORP_CRED;0.0
674;CORP_CRED;0.0005
675;CORP_CRED;0.0008
677;CORP_CRED;0.0005
678;CORP_CRED;0.0
679;CORP_CRED;0.0003
680;CORP_CRED;0.0
681;CORP_CRED;0.0005
682;CORP_CRED;0.0
683;CORP_CRED;0.0
684;CORP_CRED;0.0003
685;CORP_CRED;0.0
686;CORP_CRED;0.0003
688;CORP_CRED;0.0
689;CORP_CRED;0.0
690;CORP_CRED;0.0
691;CORP_CRED;0.0005
693;CORP_CRED;0.0
694;CORP_CRED;0.0
695;CORP_CRED;0.0
696;CORP_CRED;0.0
697;CORP_CRED;0.0003
698;CORP_CRED;0.0
699;CORP_CRED;0.0003
700;CORP_CRED;0.0
701;CORP_CRED;0.0
702;CORP_CRED;0.0
704;CORP_CRED;0.0
705;CORP_CRED;0.0003
706;CORP_CRED;0.0
707;CORP_CRED;0.0
708;CORP_CRED;0.0
709;CORP_CRED;0.0
710;CORP_CRED;0.0
711;CORP_CRED;0.0
712;CORP_CRED;0.0008
713;CORP_CRED;0.0003
714;CORP_CRED;0.0
716;CORP_CRED;0.0003
718;CORP_CRED;0.0
719;CORP_CRED;0.0003
720;CORP_CRED;0.0003
721;CORP_CRED;0.0
722;CORP_CRED;0.0
723;CORP_CRED;0.0
724;CORP_CRED;0.0003
725;CORP_CRED;0.0
726;CORP_CRED;0.0
727;CORP_CRED;0.0
728;CORP_CRED;0.0008
729;CORP_CRED;0.0003
730;CORP_CRED;0.0003
731;CORP_CRED;0.0
732;CORP_CRED;0.0
733;CORP_CRED;0.0
734;CORP_CRED;0.0003
735;CORP_CRED;0.0129
736;CORP_CRED;0.0
737;CORP_CRED;0.0
738;CORP_CRED;0.0008
739;CORP_CRED;0.0
740;CORP_CRED;0.0
741;CORP_CRED;0.0003
742;CORP_CRED;0.0003
743;CORP_CRED;0.0
744;CORP_CRED;0.0
745;CORP_CRED;0.0
746;CORP_CRED;0.0
747;CORP_CRED;0.0
748;CORP_CRED;0.0025
749;CORP_CRED;0.0
750;CORP_CRED;0.0
908;CORP_CRED;0.0
909;CORP_CRED;0.0
910;CORP_CRED;0.0
912;CORP_CRED;0.0
915;CORP_CRED;0.0
916;CORP_CRED;0.0
1002;CORP_CRED;0.0
1003;CORP_CRED;0.0164
1004;CORP_CRED;0.0003
1005;CORP_CRED;0.0003
1006;CORP_CRED;0.0052
1007;CORP_CRED;0.0
1008;CORP_CRED;0.0
1009;CORP_CRED;0.0
1010;CORP_CRED;0.0
1011;CORP_CRED;0.0005
1012;CORP_CRED;0.0003
1013;CORP_CRED;0.0
1014;CORP_CRED;0.006
1015;CORP_CRED;0.0
1016;CORP_CRED;0.0005
1017;CORP_CRED;0.0
1018;CORP_CRED;0.0005
1019;CORP_CRED;0.0003
1020;CORP_CRED;0.0
1021;CORP_CRED;0.0003
1022;CORP_CRED;0.0
1023;CORP_CRED;0.0008
1024;CORP_CRED;0.0
1025;CORP_CRED;0.0
1026;CORP_CRED;0.0003
1027;CORP_CRED;0.0003
1028;CORP_CRED;0.0
1029;CORP_CRED;0.0079
1030;CORP_CRED;0.0
1031;CORP_CRED;0.0003
1032;CORP_CRED;0.0008
1033;CORP_CRED;0.0003
1035;CORP_CRED;0.0003
1036;CORP_CRED;0.0011
1037;CORP_CRED;0.0
1038;CORP_CRED;0.0
1039;CORP_CRED;0.0
1040;CORP_CRED;0.0005
1041;CORP_CRED;0.0011
1042;CORP_CRED;0.0033
1043;CORP_CRED;0.0
1044;CORP_CRED;0.0011
1045;CORP_CRED;0.0526
1046;CORP_CRED;0.0
1047;CORP_CRED;0.0085
1048;CORP_CRED;0.0
1049;CORP_CRED;0.0
1050;CORP_CRED;0.0
1051;CORP_CRED;0.0
1052;CORP_CRED;0.0
1053;CORP_CRED;0.0003
1054;CORP_CRED;0.0
1055;CORP_CRED;0.0003
1056;CORP_CRED;0.0008
1057;CORP_CRED;0.0
1058;CORP_CRED;0.0
1059;CORP_CRED;0.0014
1060;CORP_CRED;0.0
1061;CORP_CRED;0.0005
1062;CORP_CRED;0.0003
1063;CORP_CRED;0.0052
1064;CORP_CRED;0.0
1065;CORP_CRED;0.0
1066;CORP_CRED;0.0025
1067;CORP_CRED;0.0003
1068;CORP_CRED;0.0016
1069;CORP_CRED;0.0
1070;CORP_CRED;0.0008
1071;CORP_CRED;0.0
1072;CORP_CRED;0.0008
1073;CORP_CRED;0.0
1074;CORP_CRED;0.0003
1075;CORP_CRED;0.0
1076;CORP_CRED;0.0
1077;CORP_CRED;0.0016
1078;CORP_CRED;0.0003
1079;CORP_CRED;0.0
1080;CORP_CRED;0.0
1081;CORP_CRED;0.0
1082;CORP_CRED;0.0
1083;CORP_CRED;0.0
1084;CORP_CRED;0.0
1085;CORP_CRED;0.0003
1086;CORP_CRED;0.0005
1087;CORP_CRED;0.0099
1088;CORP_CRED;0.0
1089;CORP_CRED;0.0036
1090;CORP_CRED;0.0
1091;CORP_CRED;0.0003
1092;CORP_CRED;0.0
1093;CORP_CRED;0.0
1094;CORP_CRED;0.0
1095;CORP_CRED;0.0
1096;CORP_CRED;0.0
1097;CORP_CRED;0.0003
1098;CORP_CRED;0.0
1099;CORP_CRED;0.0011
1100;CORP_CRED;0.0003
1101;CORP_CRED;0.0019
1102;CORP_CRED;0.0008
1103;CORP_CRED;0.0
1104;CORP_CRED;0.0003
1105;CORP_CRED;0.0005
1106;CORP_CRED;0.0003
1107;CORP_CRED;0.0016
1108;CORP_CRED;0.0
1109;CORP_CRED;0.0
1110;CORP_CRED;0.0
1111;CORP_CRED;0.0
1112;CORP_CRED;0.0
1113;CORP_CRED;0.0005
1114;CORP_CRED;0.0003
1115;CORP_CRED;0.0005
1116;CORP_CRED;0.0
1117;CORP_CRED;0.0003
1118;CORP_CRED;0.0
1119;CORP_CRED;0.0
1120;CORP_CRED;0.0
1121;CORP_CRED;0.0
1122;CORP_CRED;0.0003
1123;CORP_CRED;0.0011
1124;CORP_CRED;0.0025
1125;CORP_CRED;0.0
1126;CORP_CRED;0.0
1127;CORP_CRED;0.0011
1128;CORP_CRED;0.0011
1129;CORP_CRED;0.0014
1130;CORP_CRED;0.0005
1131;CORP_CRED;0.0016
1132;CORP_CRED;0.0
1133;CORP_CRED;0.0005
1134;CORP_CRED;0.0003
1135;CORP_CRED;0.0014
1136;CORP_CRED;0.0058
1137;CORP_CRED;0.0096
1138;CORP_CRED;0.0003
1139;CORP_CRED;0.0
1140;CORP_CRED;0.0019
1141;CORP_CRED;0.0
1142;CORP_CRED;0.006
1143;CORP_CRED;0.0
1144;CORP_CRED;0.0016
1145;CORP_CRED;0.0003
1146;CORP_CRED;0.0003
1147;CORP_CRED;0.0014
1148;CORP_CRED;0.0003
1149;CORP_CRED;0.0
1150;CORP_CRED;0.0
1151;CORP_CRED;0.0025
1152;CORP_CRED;0.0003
1153;CORP_CRED;0.0312
1154;CORP_CRED;0.0
1155;CORP_CRED;0.0099
1156;CORP_CRED;0.0011
1157;CORP_CRED;0.0005
1158;CORP_CRED;0.009
1159;CORP_CRED;0.0099
1160;CORP_CRED;0.0036
1161;CORP_CRED;0.0038
1162;CORP_CRED;0.0044
1163;CORP_CRED;0.0041
1164;CORP_CRED;0.0022
1165;CORP_CRED;0.0019
1166;CORP_CRED;0.0008
1167;CORP_CRED;0.0016
1168;CORP_CRED;0.0134
1169;CORP_CRED;0.0099
1170;CORP_CRED;0.0159
1171;CORP_CRED;0.0014
1172;CORP_CRED;0.0066
1173;CORP_CRED;0.0016
1174;CORP_CRED;0.0
1175;CORP_CRED;0.0003
1176;CORP_CRED;0.0036
1177;CORP_CRED;0.0008
1178;CORP_CRED;0.0008
1179;CORP_CRED;0.0074
1180;CORP_CRED;0.0047
1181;CORP_CRED;0.0005
1182;CORP_CRED;0.0014
1183;CORP_CRED;0.0003
1184;CORP_CRED;0.0194
1185;CORP_CRED;0.0205
1186;CORP_CRED;0.0019
1187;CORP_CRED;0.0003
1188;CORP_CRED;0.0003
1189;CORP_CRED;0.0005
1190;CORP_CRED;0.0
1191;CORP_CRED;0.0
1192;CORP_CRED;0.0033
1193;CORP_CRED;0.0003
1194;CORP_CRED;0.003
1195;CORP_CRED;0.0027
1196;CORP_CRED;0.0
1197;CORP_CRED;0.0011
1198;CORP_CRED;0.0
1199;CORP_CRED;0.0
1200;CORP_CRED;0.0
1201;CORP_CRED;0.0
1202;CORP_CRED;0.0
1203;CORP_CRED;0.0016
1204;CORP_CRED;0.0003
1205;CORP_CRED;0.0005
1206;CORP_CRED;0.0003
1207;CORP_CRED;0.0
1208;CORP_CRED;0.0
1209;CORP_CRED;0.0003
1210;CORP_CRED;0.0005
1211;CORP_CRED;0.0279
1212;CORP_CRED;0.0
1213;CORP_CRED;0.0003
1214;CORP_CRED;0.0014
1215;CORP_CRED;0.0
1216;CORP_CRED;0.0
1217;CORP_CRED;0.003
1218;CORP_CRED;0.0003
1219;CORP_CRED;0.0
1220;CORP_CRED;0.0003
1221;CORP_CRED;0.0
1222;CORP_CRED;0.0005
1223;CORP_CRED;0.0011
1224;CORP_CRED;0.0003
1225;CORP_CRED;0.0003
1226;CORP_CRED;0.0
1227;CORP_CRED;0.0233
1228;CORP_CRED;0.0014
1229;CORP_CRED;0.0014
1230;CORP_CRED;0.0424
1231;CORP_CRED;0.0005
1232;CORP_CRED;0.0044
1233;CORP_CRED;0.0003
1234;CORP_CRED;0.0011
1235;CORP_CRED;0.0
1236;CORP_CRED;0.0
1237;CORP_CRED;0.0041
1238;CORP_CRED;0.0011
1239;CORP_CRED;0.0126
1240;CORP_CRED;0.0005
1241;CORP_CRED;0.0003
1242;CORP_CRED;0.0025
1243;CORP_CRED;0.0
1244;CORP_CRED;0.0
1245;CORP_CRED;0.0003
1246;CORP_CRED;0.0005
1247;CORP_CRED;0.0003
1248;CORP_CRED;0.0
1249;CORP_CRED;0.0003
1250;CORP_CRED;0.0082
1251;CORP_CRED;0.0003
1252;CORP_CRED;0.0
1253;CORP_CRED;0.0003
1254;CORP_CRED;0.0003
1255;CORP_CRED;0.0016
1256;CORP_CRED;0.0
1257;CORP_CRED;0.0
1258;CORP_CRED;0.0003
1259;CORP_CRED;0.0
1260;CORP_CRED;0.0
1261;CORP_CRED;0.0005
1262;CORP_CRED;0.0005
1263;CORP_CRED;0.0
1264;CORP_CRED;0.0
1265;CORP_CRED;0.0
1266;CORP_CRED;0.0
1267;CORP_CRED;0.0
1268;CORP_CRED;0.0
1269;CORP_CRED;0.0
1270;CORP_CRED;0.0
1271;CORP_CRED;0.0
1272;CORP_CRED;0.0
1273;CORP_CRED;0.0019
1274;CORP_CRED;0.0003
1275;CORP_CRED;0.0
1276;CORP_CRED;0.0
1277;CORP_CRED;0.0
1278;CORP_CRED;0.0
1279;CORP_CRED;0.0
1280;CORP_CRED;0.0
1281;CORP_CRED;0.0066
1282;CORP_CRED;0.0
1283;CORP_CRED;0.0008
1284;CORP_CRED;0.0
1285;CORP_CRED;0.0
1286;CORP_CRED;0.0003
1287;CORP_CRED;0.0003
1288;CORP_CRED;0.0
1289;CORP_CRED;0.0
1290;CORP_CRED;0.0
1291;CORP_CRED;0.0
1292;CORP_CRED;0.0
1293;CORP_CRED;0.0
1294;CORP_CRED;0.0
1295;CORP_CRED;0.0
1296;CORP_CRED;0.0
1297;CORP_CRED;0.0003
1298;CORP_CRED;0.0
1299;CORP_CRED;0.0
1300;CORP_CRED;0.003
1301;CORP_CRED;0.0025
1302;CORP_CRED;0.0
1303;CORP_CRED;0.0
1304;CORP_CRED;0.0005
1305;CORP_CRED;0.0
1306;CORP_CRED;0.0
1307;CORP_CRED;0.0003
1308;CORP_CRED;0.0014
1309;CORP_CRED;0.0005
1310;CORP_CRED;0.0
1311;CORP_CRED;0.0
1312;CORP_CRED;0.0
1313;CORP_CRED;0.0
1314;CORP_CRED;0.0
1315;CORP_CRED;0.0
1316;CORP_CRED;0.0005
1317;CORP_CRED;0.0003
1318;CORP_CRED;0.0
1319;CORP_CRED;0.0019
1320;CORP_CRED;0.0003
1321;CORP_CRED;0.0036
1322;CORP_CRED;0.0
1323;CORP_CRED;0.0003
1324;CORP_CRED;0.0066
1325;CORP_CRED;0.0
1326;CORP_CRED;0.0
1327;CORP_CRED;0.0
1328;CORP_CRED;0.0005
1329;CORP_CRED;0.0
1330;CORP_CRED;0.0
1331;CORP_CRED;0.0
1332;CORP_CRED;0.0581
1333;CORP_CRED;0.0008
1334;CORP_CRED;0.0
1335;CORP_CRED;0.0
1336;CORP_CRED;0.0
1337;CORP_CRED;0.0
1338;CORP_CRED;0.0
1339;CORP_CRED;0.0003
1340;CORP_CRED;0.0003
1341;CORP_CRED;0.0003
1342;CORP_CRED;0.0
1343;CORP_CRED;0.0
1344;CORP_CRED;0.0
1345;CORP_CRED;0.0003
1346;CORP_CRED;0.0
1347;CORP_CRED;0.0044
1348;CORP_CRED;0.0003
1349;CORP_CRED;0.0003
1350;CORP_CRED;0.0
1351;CORP_CRED;0.0025
1352;CORP_CRED;0.0008
1353;CORP_CRED;0.0008
1354;CORP_CRED;0.0
1355;CORP_CRED;0.0003
1356;CORP_CRED;0.0
1357;CORP_CRED;0.0
1358;CORP_CRED;0.0008
1359;CORP_CRED;0.0005
1360;CORP_CRED;0.0
1361;CORP_CRED;0.0066
1362;CORP_CRED;0.0
1363;CORP_CRED;0.0
1364;CORP_CRED;0.0
1365;CORP_CRED;0.0014
1366;CORP_CRED;0.0115
1367;CORP_CRED;0.0
1368;CORP_CRED;0.0008
1369;CORP_CRED;0.0003
1370;CORP_CRED;0.0
1371;CORP_CRED;0.0003
1372;CORP_CRED;0.0
1373;CORP_CRED;0.0003
1374;CORP_CRED;0.0
1375;CORP_CRED;0.0
1376;CORP_CRED;0.0
1377;CORP_CRED;0.0
1378;CORP_CRED;0.0008
1379;CORP_CRED;0.0
1380;CORP_CRED;0.0
1381;CORP_CRED;0.0
1382;CORP_CRED;0.0
1383;CORP_CRED;0.0
1384;CORP_CRED;0.0
1385;CORP_CRED;0.0
1386;CORP_CRED;0.0
1387;CORP_CRED;0.0005
1388;CORP_CRED;0.0003
1389;CORP_CRED;0.0003
1390;CORP_CRED;0.0
1391;CORP_CRED;0.0003
1392;CORP_CRED;0.0
1393;CORP_CRED;0.0
1394;CORP_CRED;0.0348
1395;CORP_CRED;0.0005
1396;CORP_CRED;0.0008
1397;CORP_CRED;0.0011
1398;CORP_CRED;0.0
1399;CORP_CRED;0.0
1400;CORP_CRED;0.0
1401;CORP_CRED;0.006
1402;CORP_CRED;0.0003
1403;CORP_CRED;0.0
1404;CORP_CRED;0.0
1405;CORP_CRED;0.0
1406;CORP_CRED;0.0
1407;CORP_CRED;0.0
1408;CORP_CRED;0.0
1409;CORP_CRED;0.0049
1410;CORP_CRED;0.0003
1411;CORP_CRED;0.0
1412;CORP_CRED;0.0
1413;CORP_CRED;0.0011
1414;CORP_CRED;0.0025
1415;CORP_CRED;0.0
1416;CORP_CRED;0.0003
1417;CORP_CRED;0.0
1418;CORP_CRED;0.0
1419;CORP_CRED;0.0
1420;CORP_CRED;0.0
1421;CORP_CRED;0.0
1422;CORP_CRED;0.0
1423;CORP_CRED;0.0
1424;CORP_CRED;0.0003
1425;CORP_CRED;0.0
1426;CORP_CRED;0.0
1427;CORP_CRED;0.0
1428;CORP_CRED;0.0
1429;CORP_CRED;0.0
1430;CORP_CRED;0.0
1431;CORP_CRED;0.0
1432;CORP_CRED;0.0
1433;CORP_CRED;0.0
1434;CORP_CRED;0.0003
1435;CORP_CRED;0.0
1436;CORP_CRED;0.0
1437;CORP_CRED;0.0
1438;CORP_CRED;0.0044
1439;CORP_CRED;0.0003
1440;CORP_CRED;0.0
1441;CORP_CRED;0.0
1442;CORP_CRED;0.0
1443;CORP_CRED;0.0003
1444;CORP_CRED;0.0003
1445;CORP_CRED;0.0
1446;CORP_CRED;0.0
1447;CORP_CRED;0.0003
1448;CORP_CRED;0.0
1449;CORP_CRED;0.0
1450;CORP_CRED;0.0003
1451;CORP_CRED;0.0
1452;CORP_CRED;0.0
1453;CORP_CRED;0.0011
1454;CORP_CRED;0.0
1455;CORP_CRED;0.0
1456;CORP_CRED;0.0
1457;CORP_CRED;0.0
1458;CORP_CRED;0.0011
1459;CORP_CRED;0.0
1460;CORP_CRED;0.0003
1461;CORP_CRED;0.0
1462;CORP_CRED;0.0011
1463;CORP_CRED;0.0003
1464;CORP_CRED;0.0
1465;CORP_CRED;0.0016
1466;CORP_CRED;0.0
1467;CORP_CRED;0.0
1468;CORP_CRED;0.0
1469;CORP_CRED;0.0003
1470;CORP_CRED;0.0
1471;CORP_CRED;0.0
1472;CORP_CRED;0.0005
1473;CORP_CRED;0.0
1474;CORP_CRED;0.0
1475;CORP_CRED;0.0008
1476;CORP_CRED;0.014
1477;CORP_CRED;0.0
1478;CORP_CRED;0.0008
1479;CORP_CRED;0.0019
1480;CORP_CRED;0.0
1481;CORP_CRED;0.0
1482;CORP_CRED;0.0
1483;CORP_CRED;0.0
1484;CORP_CRED;0.0
1485;CORP_CRED;0.0003
1486;CORP_CRED;0.0063
1487;CORP_CRED;0.0005
1488;CORP_CRED;0.0003
1489;CORP_CRED;0.0
1490;CORP_CRED;0.0
1491;CORP_CRED;0.0014
1492;CORP_CRED;0.0003
1493;CORP_CRED;0.0005
1494;CORP_CRED;0.0027
1495;CORP_CRED;0.0
1496;CORP_CRED;0.0005
1497;CORP_CRED;0.0
1498;CORP_CRED;0.0
1499;CORP_CRED;0.0
1500;CORP_CRED;0.0011
1501;CORP_CRED;0.0
1502;CORP_CRED;0.0
1503;CORP_CRED;0.0
1504;CORP_CRED;0.0
1506;CORP_CRED;0.0003
1507;CORP_CRED;0.0
1508;CORP_CRED;0.0
1509;CORP_CRED;0.0
1510;CORP_CRED;0.0
1511;CORP_CRED;0.0
1512;CORP_CRED;0.0
1513;CORP_CRED;0.0
1514;CORP_CRED;0.0
1515;CORP_CRED;0.0
1516;CORP_CRED;0.0
1517;CORP_CRED;0.0
1518;CORP_CRED;0.0
1519;CORP_CRED;0.0
1520;CORP_CRED;0.0008
1521;CORP_CRED;0.0
1522;CORP_CRED;0.006
1523;CORP_CRED;0.0
1524;CORP_CRED;0.0
1525;CORP_CRED;0.0019
1526;CORP_CRED;0.0003
1527;CORP_CRED;0.0005
1528;CORP_CRED;0.0
1529;CORP_CRED;0.0003
1530;CORP_CRED;0.0
1531;CORP_CRED;0.0005
1532;CORP_CRED;0.0
1533;CORP_CRED;0.0
1534;CORP_CRED;0.0
1535;CORP_CRED;0.0
1536;CORP_CRED;0.0
1537;CORP_CRED;0.0
1538;CORP_CRED;0.0
1539;CORP_CRED;0.0
1540;CORP_CRED;0.0003
1541;CORP_CRED;0.0
1542;CORP_CRED;0.0
1543;CORP_CRED;0.0005
1544;CORP_CRED;0.0
1545;CORP_CRED;0.0
1546;CORP_CRED;0.0
1547;CORP_CRED;0.0
1548;CORP_CRED;0.0
1549;CORP_CRED;0.0
1550;CORP_CRED;0.0
1551;CORP_CRED;0.0003
1552;CORP_CRED;0.0
1553;CORP_CRED;0.0
1554;CORP_CRED;0.0
1555;CORP_CRED;0.0005
1556;CORP_CRED;0.0003
1557;CORP_CRED;0.0
1558;CORP_CRED;0.0
1559;CORP_CRED;0.0
1560;CORP_CRED;0.0
1561;CORP_CRED;0.0
1562;CORP_CRED;0.0
1564;CORP_CRED;0.0
1565;CORP_CRED;0.0
1566;CORP_CRED;0.0
1567;CORP_CRED;0.0
1568;CORP_CRED;0.0
1569;CORP_CRED;0.0
1570;CORP_CRED;0.0
1571;CORP_CRED;0.0
1572;CORP_CRED;0.0
1573;CORP_CRED;0.0
1574;CORP_CRED;0.0008
1575;CORP_CRED;0.0
1576;CORP_CRED;0.0025
1577;CORP_CRED;0.0
1578;CORP_CRED;0.0
1579;CORP_CRED;0.0
1580;CORP_CRED;0.0003
1581;CORP_CRED;0.0
1582;CORP_CRED;0.0003
1583;CORP_CRED;0.0
1584;CORP_CRED;0.0003
1585;CORP_CRED;0.0
1586;CORP_CRED;0.0005
1587;CORP_CRED;0.0
1588;CORP_CRED;0.0
1589;CORP_CRED;0.0005
1590;CORP_CRED;0.0
1591;CORP_CRED;0.0
1592;CORP_CRED;0.0
1593;CORP_CRED;0.0
1594;CORP_CRED;0.0003
1595;CORP_CRED;0.0011
1596;CORP_CRED;0.0
1597;CORP_CRED;0.0
1598;CORP_CRED;0.0022
1599;CORP_CRED;0.0
1600;CORP_CRED;0.0
1601;CORP_CRED;0.0
1602;CORP_CRED;0.0
1603;CORP_CRED;0.0
1604;CORP_CRED;0.0
1605;CORP_CRED;0.0
1606;CORP_CRED;0.0005
1607;CORP_CRED;0.0
1608;CORP_CRED;0.0
1609;CORP_CRED;0.0005
1610;CORP_CRED;0.0003
1611;CORP_CRED;0.0
1612;CORP_CRED;0.0
1613;CORP_CRED;0.0
1614;CORP_CRED;0.0005
1615;CORP_CRED;0.0
1616;CORP_CRED;0.0
1617;CORP_CRED;0.0
1618;CORP_CRED;0.0
1619;CORP_CRED;0.0011
1620;CORP_CRED;0.0
1621;CORP_CRED;0.0
1622;CORP_CRED;0.0044
1623;CORP_CRED;0.0
1624;CORP_CRED;0.0
1625;CORP_CRED;0.0
1627;CORP_CRED;0.0008
1628;CORP_CRED;0.0
1629;CORP_CRED;0.0
1630;CORP_CRED;0.0
1631;CORP_CRED;0.0
1632;CORP_CRED;0.0
1633;CORP_CRED;0.0
1634;CORP_CRED;0.0
1635;CORP_CRED;0.0
1636;CORP_CRED;0.0003
1637;CORP_CRED;0.0
1638;CORP_CRED;0.0
1639;CORP_CRED;0.0003
1640;CORP_CRED;0.0008
1641;CORP_CRED;0.0005
1642;CORP_CRED;0.0003
1643;CORP_CRED;0.0
1644;CORP_CRED;0.0
1645;CORP_CRED;0.0
1646;CORP_CRED;0.0011
1647;CORP_CRED;0.0
1648;CORP_CRED;0.0003
1649;CORP_CRED;0.0005
1650;CORP_CRED;0.0
1651;CORP_CRED;0.0
1652;CORP_CRED;0.0003
1653;CORP_CRED;0.0
1654;CORP_CRED;0.0
1655;CORP_CRED;0.0
1656;CORP_CRED;0.0
1657;CORP_CRED;0.0003
1658;CORP_CRED;0.0003
1666;CORP_CRED;0.0
1667;CORP_CRED;0.0
1668;CORP_CRED;0.0003
1669;CORP_CRED;0.0
1670;CORP_CRED;0.0
1671;CORP_CRED;0.0003
1672;CORP_CRED;0.0
1673;CORP_CRED;0.0
1674;CORP_CRED;0.0008
1675;CORP_CRED;0.0
1676;CORP_CRED;0.0
1677;CORP_CRED;0.0
1678;CORP_CRED;0.0
1679;CORP_CRED;0.0003
1680;CORP_CRED;0.0
1681;CORP_CRED;0.0
1682;CORP_CRED;0.0
1683;CORP_CRED;0.0
1684;CORP_CRED;0.0
1685;CORP_CRED;0.0
1686;CORP_CRED;0.0003
1687;CORP_CRED;0.0
1688;CORP_CRED;0.0003
1689;CORP_CRED;0.0003
1690;CORP_CRED;0.0
1691;CORP_CRED;0.0016
1692;CORP_CRED;0.0003
1693;CORP_CRED;0.0003
1694;CORP_CRED;0.0003
1695;CORP_CRED;0.0003
1696;CORP_CRED;0.0
1697;CORP_CRED;0.0003
1698;CORP_CRED;0.0
1699;CORP_CRED;0.0
1700;CORP_CRED;0.0
1701;CORP_CRED;0.0
1702;CORP_CRED;0.0
1703;CORP_CRED;0.0
1704;CORP_CRED;0.0
1705;CORP_CRED;0.0
1706;CORP_CRED;0.0
1707;CORP_CRED;0.0016
1708;CORP_CRED;0.0003
1709;CORP_CRED;0.0
1710;CORP_CRED;0.0
1711;CORP_CRED;0.0
1712;CORP_CRED;0.0
1713;CORP_CRED;0.0
1714;CORP_CRED;0.0
1715;CORP_CRED;0.0003
1716;CORP_CRED;0.0005
1717;CORP_CRED;0.0
1718;CORP_CRED;0.0005
1719;CORP_CRED;0.0
1720;CORP_CRED;0.0
1721;CORP_CRED;0.0
1722;CORP_CRED;0.0
1723;CORP_CRED;0.0
1724;CORP_CRED;0.0
1725;CORP_CRED;0.0
1726;CORP_CRED;0.0003
1727;CORP_CRED;0.0
1728;CORP_CRED;0.0003
1729;CORP_CRED;0.0005
1730;CORP_CRED;0.0
1731;CORP_CRED;0.0
1732;CORP_CRED;0.0
1734;CORP_CRED;0.0008
1735;CORP_CRED;0.0
1736;CORP_CRED;0.0
1737;CORP_CRED;0.0
1738;CORP_CRED;0.0
1739;CORP_CRED;0.0
1740;CORP_CRED;0.0003
1741;CORP_CRED;0.0
1742;CORP_CRED;0.0003
1743;CORP_CRED;0.0003
1744;CORP_CRED;0.0003
1745;CORP_CRED;0.0
1746;CORP_CRED;0.0
1747;CORP_CRED;0.0
1748;CORP_CRED;0.0003
1749;CORP_CRED;0.0
1751;CORP_CRED;0.0003
1752;CORP_CRED;0.0
1908;CORP_CRED;0.0
1983;CORP_CRED;0.0
2248;CORP_CRED;0.0
2249;CORP_CRED;0.0002
2250;CORP_CRED;0.0001
2251;CORP_CRED;0.0001
2252;CORP_CRED;0.0
2254;CORP_CRED;0.0023
2255;CORP_CRED;0.0005
2259;CORP_CRED;0.0001
2262;CORP_CRED;0.0
2263;CORP_CRED;0.0004
2264;CORP_CRED;0.0001
2265;CORP_CRED;0.0
2268;CORP_CRED;0.0001
2269;CORP_CRED;0.0005
2271;CORP_CRED;0.0028
2273;CORP_CRED;0.0
2276;CORP_CRED;0.0001
2277;CORP_CRED;0.0
2278;CORP_CRED;0.0002
2279;CORP_CRED;0.0
2283;CORP_CRED;0.0
2284;CORP_CRED;0.0002
2286;CORP_CRED;0.0
2287;CORP_CRED;0.0002
2288;CORP_CRED;0.0012
2291;CORP_CRED;0.0
2294;CORP_CRED;0.0
2296;CORP_CRED;0.0
2297;CORP_CRED;0.0004
2298;CORP_CRED;0.0
2301;CORP_CRED;0.0014
2305;CORP_CRED;0.0001
2308;CORP_CRED;0.0
2312;CORP_CRED;0.0005
2313;CORP_CRED;0.0
2314;CORP_CRED;0.0037
2315;CORP_CRED;0.0
2316;CORP_CRED;0.001
2317;CORP_CRED;0.0002
2318;CORP_CRED;0.0
2321;CORP_CRED;0.0
2322;CORP_CRED;0.0
2326;CORP_CRED;0.0
2327;CORP_CRED;0.0001
2328;CORP_CRED;0.0001
2330;CORP_CRED;0.0009
2332;CORP_CRED;0.0001
2334;CORP_CRED;0.0002
2336;CORP_CRED;0.0
2337;CORP_CRED;0.004
2338;CORP_CRED;0.0001
2340;CORP_CRED;0.0001
2341;CORP_CRED;0.0002
2345;CORP_CRED;0.0001
2346;CORP_CRED;0.0001
2347;CORP_CRED;0.0
2348;CORP_CRED;0.0
2350;CORP_CRED;0.0004
2351;CORP_CRED;0.0001
2354;CORP_CRED;0.0036
2359;CORP_CRED;0.0001
2361;CORP_CRED;0.0
2362;CORP_CRED;0.0005
2363;CORP_CRED;0.0009
2364;CORP_CRED;0.0002
2365;CORP_CRED;0.0002
2370;CORP_CRED;0.0
2371;CORP_CRED;0.0
2374;CORP_CRED;0.0015
2435;CORP_CRED;0.0
2461;CORP_CRED;0.0001
2462;CORP_CRED;0.0
2498;CORP_CRED;0.0
2499;CORP_CRED;0.0006
2501;CORP_CRED;0.0001
2502;CORP_CRED;0.0
2503;CORP_CRED;0.0005
2504;CORP_CRED;0.003
2506;CORP_CRED;0.0
2507;CORP_CRED;0.0016
2508;CORP_CRED;0.0005
2509;CORP_CRED;0.0002
2510;CORP_CRED;0.0015
2511;CORP_CRED;0.0
2512;CORP_CRED;0.0001
2513;CORP_CRED;0.0004
2514;CORP_CRED;0.0001
2515;CORP_CRED;0.0
2516;CORP_CRED;0.0007
2517;CORP_CRED;0.0012
2518;CORP_CRED;0.0
2519;CORP_CRED;0.001
2521;CORP_CRED;0.0
2523;CORP_CRED;0.0004
2524;CORP_CRED;0.0001
2525;CORP_CRED;0.0
2527;CORP_CRED;0.0
2529;CORP_CRED;0.0001
2530;CORP_CRED;0.0
2531;CORP_CRED;0.0014
2532;CORP_CRED;0.0
2533;CORP_CRED;0.0
2535;CORP_CRED;0.0001
2538;CORP_CRED;0.0004
2539;CORP_CRED;0.0
2540;CORP_CRED;0.0015
2541;CORP_CRED;0.0002
2542;CORP_CRED;0.0006
2543;CORP_CRED;0.0001
2544;CORP_CRED;0.0
2545;CORP_CRED;0.0015
2546;CORP_CRED;0.0
2547;CORP_CRED;0.0004
2550;CORP_CRED;0.0002
2551;CORP_CRED;0.0002
2553;CORP_CRED;0.0001
2554;CORP_CRED;0.0
2555;CORP_CRED;0.0002
2557;CORP_CRED;0.0
2558;CORP_CRED;0.0002
2559;CORP_CRED;0.001
2560;CORP_CRED;0.0004
2561;CORP_CRED;0.0014
2562;CORP_CRED;0.0002
2563;CORP_CRED;0.0004
2564;CORP_CRED;0.0002
2565;CORP_CRED;0.0005
2566;CORP_CRED;0.0001
2567;CORP_CRED;0.0005
2568;CORP_CRED;0.0002
2569;CORP_CRED;0.0002
2570;CORP_CRED;0.0002
2571;CORP_CRED;0.0005
2572;CORP_CRED;0.0007
2573;CORP_CRED;0.0002
2574;CORP_CRED;0.0001
2575;CORP_CRED;0.0005
2576;CORP_CRED;0.0006
2577;CORP_CRED;0.0005
2579;CORP_CRED;0.0005
2580;CORP_CRED;0.0
2581;CORP_CRED;0.0007
2582;CORP_CRED;0.0002
2583;CORP_CRED;0.0
2584;CORP_CRED;0.0005
2585;CORP_CRED;0.0002
2586;CORP_CRED;0.0002
2587;CORP_CRED;0.0005
2588;CORP_CRED;0.0007
2589;CORP_CRED;0.0006
2590;CORP_CRED;0.0002
2592;CORP_CRED;0.0
2593;CORP_CRED;0.0001
2595;CORP_CRED;0.0002
2596;CORP_CRED;0.0
2597;CORP_CRED;0.0004
2598;CORP_CRED;0.0012
2599;CORP_CRED;0.0002
2600;CORP_CRED;0.001
2602;CORP_CRED;0.0001
2603;CORP_CRED;0.0002
2605;CORP_CRED;0.0001
2606;CORP_CRED;0.0005
2607;CORP_CRED;0.0002
2608;CORP_CRED;0.0007
2609;CORP_CRED;0.0
2610;CORP_CRED;0.0005
2611;CORP_CRED;0.0002
2612;CORP_CRED;0.0002
2613;CORP_CRED;0.0005
2614;CORP_CRED;0.0
2615;CORP_CRED;0.0006
2616;CORP_CRED;0.0004
2618;CORP_CRED;0.0
2619;CORP_CRED;0.0005
2621;CORP_CRED;0.0005
2622;CORP_CRED;0.0004
2623;CORP_CRED;0.0
2624;CORP_CRED;0.0016
2625;CORP_CRED;0.0009
2627;CORP_CRED;0.0012
2629;CORP_CRED;0.0001
2630;CORP_CRED;0.0
2632;CORP_CRED;0.0
2633;CORP_CRED;0.0002
2634;CORP_CRED;0.0
2636;CORP_CRED;0.0002
2637;CORP_CRED;0.0005
2638;CORP_CRED;0.0
2639;CORP_CRED;0.0001
2640;CORP_CRED;0.0011
2642;CORP_CRED;0.0002
2643;CORP_CRED;0.0014
2644;CORP_CRED;0.0001
2647;CORP_CRED;0.0004
2649;CORP_CRED;0.0001
2650;CORP_CRED;0.0057
2652;CORP_CRED;0.0001
2657;CORP_CRED;0.0
2658;CORP_CRED;0.0002
2660;CORP_CRED;0.0009
2661;CORP_CRED;0.001
2664;CORP_CRED;0.0001
2665;CORP_CRED;0.0
2666;CORP_CRED;0.0001
2668;CORP_CRED;0.0001
2670;CORP_CRED;0.0004
2671;CORP_CRED;0.0001
2672;CORP_CRED;0.0005
2674;CORP_CRED;0.0
2675;CORP_CRED;0.0056
2676;CORP_CRED;0.0001
2677;CORP_CRED;0.0
2679;CORP_CRED;0.0001
2680;CORP_CRED;0.0002
2681;CORP_CRED;0.0
2683;CORP_CRED;0.0006
2684;CORP_CRED;0.0006
2685;CORP_CRED;0.0001
2687;CORP_CRED;0.0002
2688;CORP_CRED;0.0001
2689;CORP_CRED;0.0002
2690;CORP_CRED;0.0001
2691;CORP_CRED;0.0002
2692;CORP_CRED;0.0064
2693;CORP_CRED;0.0002
2694;CORP_CRED;0.0002
2695;CORP_CRED;0.0006
2697;CORP_CRED;0.0
2699;CORP_CRED;0.0001
2701;CORP_CRED;0.0005
2702;CORP_CRED;0.0
2703;CORP_CRED;0.0005
2704;CORP_CRED;0.0001
2705;CORP_CRED;0.0001
2706;CORP_CRED;0.0011
2708;CORP_CRED;0.0002
2710;CORP_CRED;0.0001
2711;CORP_CRED;0.0001
2713;CORP_CRED;0.0001
2714;CORP_CRED;0.0006
2715;CORP_CRED;0.0
2716;CORP_CRED;0.0012
2718;CORP_CRED;0.0
2719;CORP_CRED;0.0
2720;CORP_CRED;0.0
2722;CORP_CRED;0.0
2723;CORP_CRED;0.0007
2724;CORP_CRED;0.0005
2726;CORP_CRED;0.0
2728;CORP_CRED;0.0015
2729;CORP_CRED;0.0006
2730;CORP_CRED;0.0004
2731;CORP_CRED;0.0
2733;CORP_CRED;0.0001
2734;CORP_CRED;0.0
2735;CORP_CRED;0.0
2736;CORP_CRED;0.0006
2738;CORP_CRED;0.0002
2739;CORP_CRED;0.0
2740;CORP_CRED;0.0
2742;CORP_CRED;0.0
2744;CORP_CRED;0.0
2746;CORP_CRED;0.0016
2747;CORP_CRED;0.0001
2750;CORP_CRED;0.0001
2752;CORP_CRED;0.0
2753;CORP_CRED;0.0007
2754;CORP_CRED;0.0002
2755;CORP_CRED;0.0001
2756;CORP_CRED;0.004
2757;CORP_CRED;0.0
2758;CORP_CRED;0.0002
2759;CORP_CRED;0.0004
2760;CORP_CRED;0.0
2761;CORP_CRED;0.0011
2762;CORP_CRED;0.0053
2763;CORP_CRED;0.0
2764;CORP_CRED;0.0
2765;CORP_CRED;0.0004
2767;CORP_CRED;0.0
2768;CORP_CRED;0.0
2769;CORP_CRED;0.0
2770;CORP_CRED;0.0002
2771;CORP_CRED;0.0009
2772;CORP_CRED;0.0005
2773;CORP_CRED;0.0
2774;CORP_CRED;0.0001
2775;CORP_CRED;0.0009
2776;CORP_CRED;0.0
2777;CORP_CRED;0.0002
2778;CORP_CRED;0.0
2779;CORP_CRED;0.0
2780;CORP_CRED;0.0
2782;CORP_CRED;0.0
2783;CORP_CRED;0.0
2784;CORP_CRED;0.0002
2785;CORP_CRED;0.0
2786;CORP_CRED;0.0009
2787;CORP_CRED;0.0006
2788;CORP_CRED;0.0
2789;CORP_CRED;0.0
2790;CORP_CRED;0.0
2791;CORP_CRED;0.0
2792;CORP_CRED;0.0012
2793;CORP_CRED;0.0054
2794;CORP_CRED;0.0
2795;CORP_CRED;0.0
2796;CORP_CRED;0.0004
2797;CORP_CRED;0.0005
2798;CORP_CRED;0.0058
2799;CORP_CRED;0.0
2800;CORP_CRED;0.0054
2801;CORP_CRED;0.0012
2802;CORP_CRED;0.0004
2803;CORP_CRED;0.0001
2804;CORP_CRED;0.0002
2805;CORP_CRED;0.0006
2806;CORP_CRED;0.0
2807;CORP_CRED;0.0006
2808;CORP_CRED;0.0
2809;CORP_CRED;0.0001
2810;CORP_CRED;0.0012
2811;CORP_CRED;0.0
2812;CORP_CRED;0.0001
2813;CORP_CRED;0.0001
2814;CORP_CRED;0.0
2815;CORP_CRED;0.0
2816;CORP_CRED;0.0
2817;CORP_CRED;0.0
2818;CORP_CRED;0.0
2819;CORP_CRED;0.0
2820;CORP_CRED;0.0001
2821;CORP_CRED;0.0001
2823;CORP_CRED;0.0
2824;CORP_CRED;0.0002
2825;CORP_CRED;0.0
2826;CORP_CRED;0.0002
2827;CORP_CRED;0.0
2828;CORP_CRED;0.0
2829;CORP_CRED;0.0
2830;CORP_CRED;0.0001
2831;CORP_CRED;0.0015
2832;CORP_CRED;0.0004
2833;CORP_CRED;0.0
2835;CORP_CRED;0.0002
2836;CORP_CRED;0.0
2837;CORP_CRED;0.0
2839;CORP_CRED;0.0
2840;CORP_CRED;0.0004
2841;CORP_CRED;0.0
2842;CORP_CRED;0.0005
2843;CORP_CRED;0.0002
2844;CORP_CRED;0.0002
2845;CORP_CRED;0.0001
2846;CORP_CRED;0.0005
2847;CORP_CRED;0.0002
2849;CORP_CRED;0.0011
2850;CORP_CRED;0.0001
2851;CORP_CRED;0.0001
2852;CORP_CRED;0.0016
2853;CORP_CRED;0.0
2854;CORP_CRED;0.0
2855;CORP_CRED;0.0001
2856;CORP_CRED;0.0
2857;CORP_CRED;0.0001
2858;CORP_CRED;0.0001
2859;CORP_CRED;0.0
2860;CORP_CRED;0.0015
2861;CORP_CRED;0.0006
2862;CORP_CRED;0.0001
2863;CORP_CRED;0.0002
2864;CORP_CRED;0.0
2866;CORP_CRED;0.0
2867;CORP_CRED;0.0014
2868;CORP_CRED;0.0
2869;CORP_CRED;0.0028
2870;CORP_CRED;0.0004
2871;CORP_CRED;0.0068
2872;CORP_CRED;0.0
2873;CORP_CRED;0.0004
2874;CORP_CRED;0.0001
2875;CORP_CRED;0.0
2876;CORP_CRED;0.0005
2877;CORP_CRED;0.0
2878;CORP_CRED;0.0
2879;CORP_CRED;0.0005
2880;CORP_CRED;0.001
2881;CORP_CRED;0.0004
2882;CORP_CRED;0.0007
2883;CORP_CRED;0.0001
2884;CORP_CRED;0.0001
2885;CORP_CRED;0.0
2886;CORP_CRED;0.0002
2887;CORP_CRED;0.0011
2888;CORP_CRED;0.0
2890;CORP_CRED;0.0
2891;CORP_CRED;0.0
2892;CORP_CRED;0.0
2893;CORP_CRED;0.0
2894;CORP_CRED;0.0
2895;CORP_CRED;0.0006
2896;CORP_CRED;0.0001
2897;CORP_CRED;0.0
2898;CORP_CRED;0.0001
2899;CORP_CRED;0.0014
2900;CORP_CRED;0.0
2901;CORP_CRED;0.0002
2902;CORP_CRED;0.0005
2903;CORP_CRED;0.0004
2904;CORP_CRED;0.0
2906;CORP_CRED;0.0007
2907;CORP_CRED;0.0057
2908;CORP_CRED;0.0
2909;CORP_CRED;0.0014
2910;CORP_CRED;0.0
2911;CORP_CRED;0.0001
2912;CORP_CRED;0.0
2913;CORP_CRED;0.0
2914;CORP_CRED;0.0
2915;CORP_CRED;0.0
2916;CORP_CRED;0.001
2917;CORP_CRED;0.0068
2918;CORP_CRED;0.0006
2919;CORP_CRED;0.0
2920;CORP_CRED;0.0001
2921;CORP_CRED;0.0
2922;CORP_CRED;0.0004
2923;CORP_CRED;0.0073
2924;CORP_CRED;0.0
2925;CORP_CRED;0.0
2926;CORP_CRED;0.0006
2927;CORP_CRED;0.0005
2928;CORP_CRED;0.0001
2929;CORP_CRED;0.0
2930;CORP_CRED;0.0002
2932;CORP_CRED;0.0
2933;CORP_CRED;0.0
2934;CORP_CRED;0.0
2935;CORP_CRED;0.0
2936;CORP_CRED;0.0
2937;CORP_CRED;0.0002
2938;CORP_CRED;0.0004
2939;CORP_CRED;0.0004
2940;CORP_CRED;0.0001
2941;CORP_CRED;0.0
2942;CORP_CRED;0.0005
2943;CORP_CRED;0.0
2945;CORP_CRED;0.0005
2946;CORP_CRED;0.0
2947;CORP_CRED;0.0025
2948;CORP_CRED;0.0001
2949;CORP_CRED;0.0005
2950;CORP_CRED;0.0
2952;CORP_CRED;0.0
2953;CORP_CRED;0.0
2954;CORP_CRED;0.0
2955;CORP_CRED;0.001
2956;CORP_CRED;0.0019
2958;CORP_CRED;0.0001
2959;CORP_CRED;0.0006
2961;CORP_CRED;0.0
2962;CORP_CRED;0.0001
2963;CORP_CRED;0.0001
2964;CORP_CRED;0.0
2965;CORP_CRED;0.0031
2966;CORP_CRED;0.0004
2967;CORP_CRED;0.0
2968;CORP_CRED;0.0
2969;CORP_CRED;0.0004
2970;CORP_CRED;0.0
2971;CORP_CRED;0.0
2972;CORP_CRED;0.0001
2973;CORP_CRED;0.0
2974;CORP_CRED;0.0
2975;CORP_CRED;0.0001
2976;CORP_CRED;0.0
2977;CORP_CRED;0.0
2978;CORP_CRED;0.0001
2979;CORP_CRED;0.0
2980;CORP_CRED;0.0005
2981;CORP_CRED;0.0026
2982;CORP_CRED;0.0
2983;CORP_CRED;0.0002
2984;CORP_CRED;0.0
2985;CORP_CRED;0.0004
2986;CORP_CRED;0.0
2988;CORP_CRED;0.0
2989;CORP_CRED;0.0001
2990;CORP_CRED;0.0
2991;CORP_CRED;0.0
2992;CORP_CRED;0.0006
2993;CORP_CRED;0.0
2996;CORP_CRED;0.0
2997;CORP_CRED;0.0006
2998;CORP_CRED;0.0
2999;CORP_CRED;0.0
3000;CORP_CRED;0.0
3001;CORP_CRED;0.0
3002;CORP_CRED;0.002
3003;CORP_CRED;0.0001
3004;CORP_CRED;0.0001
3005;CORP_CRED;0.0
3006;CORP_CRED;0.0033
3007;CORP_CRED;0.0001
3008;CORP_CRED;0.0001
3009;CORP_CRED;0.0
3010;CORP_CRED;0.0
3011;CORP_CRED;0.0004
3012;CORP_CRED;0.0
3015;CORP_CRED;0.0
3016;CORP_CRED;0.0
3018;CORP_CRED;0.0
3019;CORP_CRED;0.0022
3020;CORP_CRED;0.0019
3021;CORP_CRED;0.0001
3022;CORP_CRED;0.0001
3023;CORP_CRED;0.0
3024;CORP_CRED;0.0
3025;CORP_CRED;0.0
3026;CORP_CRED;0.0
3027;CORP_CRED;0.0005
3028;CORP_CRED;0.0002
3029;CORP_CRED;0.0001
3030;CORP_CRED;0.0016
3031;CORP_CRED;0.0
3033;CORP_CRED;0.0
3034;CORP_CRED;0.0009
3035;CORP_CRED;0.0
3036;CORP_CRED;0.0001
3038;CORP_CRED;0.0
3040;CORP_CRED;0.0
3041;CORP_CRED;0.0036
3042;CORP_CRED;0.0045
3043;CORP_CRED;0.0002
3045;CORP_CRED;0.0
3046;CORP_CRED;0.0
3047;CORP_CRED;0.0
3049;CORP_CRED;0.0001
3050;CORP_CRED;0.0
3051;CORP_CRED;0.0001
3052;CORP_CRED;0.0017
3053;CORP_CRED;0.0026
3054;CORP_CRED;0.0
3055;CORP_CRED;0.0
3056;CORP_CRED;0.0001
3057;CORP_CRED;0.0007
3058;CORP_CRED;0.0
3059;CORP_CRED;0.0004
3060;CORP_CRED;0.0002
3061;CORP_CRED;0.0
3062;CORP_CRED;0.0
3063;CORP_CRED;0.0
3064;CORP_CRED;0.0001
3065;CORP_CRED;0.0
3066;CORP_CRED;0.0007
3067;CORP_CRED;0.0
3068;CORP_CRED;0.0001
3069;CORP_CRED;0.0009
3070;CORP_CRED;0.0
3071;CORP_CRED;0.0004
3072;CORP_CRED;0.0042
3073;CORP_CRED;0.0
3074;CORP_CRED;0.0001
3075;CORP_CRED;0.0004
3077;CORP_CRED;0.0001
3078;CORP_CRED;0.0
3079;CORP_CRED;0.0
3080;CORP_CRED;0.0
3081;CORP_CRED;0.0
3082;CORP_CRED;0.0
3083;CORP_CRED;0.0012
3084;CORP_CRED;0.0
3086;CORP_CRED;0.0001
3087;CORP_CRED;0.0033
3088;CORP_CRED;0.0
3090;CORP_CRED;0.0
3091;CORP_CRED;0.0004
3092;CORP_CRED;0.0005
3093;CORP_CRED;0.0001
3094;CORP_CRED;0.0
3095;CORP_CRED;0.0
3096;CORP_CRED;0.0
3097;CORP_CRED;0.0004
3098;CORP_CRED;0.0
3099;CORP_CRED;0.0
3100;CORP_CRED;0.0001
3101;CORP_CRED;0.0
3102;CORP_CRED;0.0004
3104;CORP_CRED;0.0
3105;CORP_CRED;0.0
3106;CORP_CRED;0.0001
3107;CORP_CRED;0.0007
3108;CORP_CRED;0.0001
3109;CORP_CRED;0.0015
3110;CORP_CRED;0.0004
3111;CORP_CRED;0.0
3112;CORP_CRED;0.0
3113;CORP_CRED;0.0
3114;CORP_CRED;0.0009
3115;CORP_CRED;0.0006
3116;CORP_CRED;0.0004
3117;CORP_CRED;0.0
3118;CORP_CRED;0.0001
3119;CORP_CRED;0.0009
3120;CORP_CRED;0.0001
3121;CORP_CRED;0.0043
3122;CORP_CRED;0.0
3123;CORP_CRED;0.0001
3124;CORP_CRED;0.0
3125;CORP_CRED;0.0014
3126;CORP_CRED;0.0
3128;CORP_CRED;0.0004
3129;CORP_CRED;0.0001
3130;CORP_CRED;0.001
3131;CORP_CRED;0.0
3132;CORP_CRED;0.0
3133;CORP_CRED;0.0001
3134;CORP_CRED;0.0007
3135;CORP_CRED;0.0
3136;CORP_CRED;0.0002
3137;CORP_CRED;0.0
3138;CORP_CRED;0.0001
3139;CORP_CRED;0.0001
3140;CORP_CRED;0.0004
3141;CORP_CRED;0.0001
3142;CORP_CRED;0.0006
3143;CORP_CRED;0.0006
3144;CORP_CRED;0.0028
3145;CORP_CRED;0.0
3146;CORP_CRED;0.0
3147;CORP_CRED;0.0001
3148;CORP_CRED;0.0016
3149;CORP_CRED;0.0
3150;CORP_CRED;0.0001
3151;CORP_CRED;0.0042
3152;CORP_CRED;0.0
3153;CORP_CRED;0.0004
3154;CORP_CRED;0.0
3155;CORP_CRED;0.0001
3156;CORP_CRED;0.0001
3157;CORP_CRED;0.0006
3158;CORP_CRED;0.0004
3159;CORP_CRED;0.0
3160;CORP_CRED;0.0005
3161;CORP_CRED;0.0005
3162;CORP_CRED;0.0017
3163;CORP_CRED;0.0
3164;CORP_CRED;0.0002
3165;CORP_CRED;0.0001
3166;CORP_CRED;0.0004
3167;CORP_CRED;0.0
3168;CORP_CRED;0.0001
3169;CORP_CRED;0.0
3170;CORP_CRED;0.0002
3171;CORP_CRED;0.0
3172;CORP_CRED;0.0005
3173;CORP_CRED;0.0006
3174;CORP_CRED;0.0005
3175;CORP_CRED;0.0
3176;CORP_CRED;0.0001
3177;CORP_CRED;0.0
3178;CORP_CRED;0.0007
3179;CORP_CRED;0.0
3180;CORP_CRED;0.0002
3181;CORP_CRED;0.0
3182;CORP_CRED;0.0
3183;CORP_CRED;0.0
3184;CORP_CRED;0.0007
3185;CORP_CRED;0.0
3186;CORP_CRED;0.0017
3187;CORP_CRED;0.0012
3188;CORP_CRED;0.0
3189;CORP_CRED;0.0019
3190;CORP_CRED;0.0
3191;CORP_CRED;0.0002
3192;CORP_CRED;0.0
3193;CORP_CRED;0.0162
3194;CORP_CRED;0.0002
3195;CORP_CRED;0.0004
3196;CORP_CRED;0.002
3197;CORP_CRED;0.0002
3198;CORP_CRED;0.0007
3199;CORP_CRED;0.0012
3200;CORP_CRED;0.0004
3201;CORP_CRED;0.0001
3202;CORP_CRED;0.0014
3203;CORP_CRED;0.0002
3204;CORP_CRED;0.0235
3205;CORP_CRED;0.0017
3206;CORP_CRED;0.0001
3208;CORP_CRED;0.0005
3209;CORP_CRED;0.0
3210;CORP_CRED;0.0004
3211;CORP_CRED;0.0014
3212;CORP_CRED;0.0127
3213;CORP_CRED;0.0
3214;CORP_CRED;0.0
3215;CORP_CRED;0.0
3216;CORP_CRED;0.0019
3217;CORP_CRED;0.0007
3218;CORP_CRED;0.0
3219;CORP_CRED;0.0
3220;CORP_CRED;0.0002
3221;CORP_CRED;0.0
3222;CORP_CRED;0.0001
3223;CORP_CRED;0.0009
3224;CORP_CRED;0.0026
3225;CORP_CRED;0.0001
3226;CORP_CRED;0.0007
3227;CORP_CRED;0.0002
3228;CORP_CRED;0.0002
3229;CORP_CRED;0.0
3230;CORP_CRED;0.0001
3231;CORP_CRED;0.0021
3232;CORP_CRED;0.0005
3233;CORP_CRED;0.0002
3234;CORP_CRED;0.0
3235;CORP_CRED;0.0025
3236;CORP_CRED;0.0002
3237;CORP_CRED;0.0004
3238;CORP_CRED;0.0002
3239;CORP_CRED;0.0001
3240;CORP_CRED;0.0007
3241;CORP_CRED;0.0
3242;CORP_CRED;0.0
3243;CORP_CRED;0.0009
3244;CORP_CRED;0.0004
3245;CORP_CRED;0.0026
3246;CORP_CRED;0.0004
3247;CORP_CRED;0.0
3248;CORP_CRED;0.0058
3249;CORP_CRED;0.025
3250;CORP_CRED;0.0001
3251;CORP_CRED;0.0001
3252;CORP_CRED;0.001
3253;CORP_CRED;0.0005
3254;CORP_CRED;0.0
3255;CORP_CRED;0.0
3256;CORP_CRED;0.0
3257;CORP_CRED;0.0006
3258;CORP_CRED;0.0001
3259;CORP_CRED;0.0009
3260;CORP_CRED;0.0002
3261;CORP_CRED;0.003
3262;CORP_CRED;0.0001
3263;CORP_CRED;0.0001
3264;CORP_CRED;0.0011
3265;CORP_CRED;0.0
3266;CORP_CRED;0.0004
3267;CORP_CRED;0.0
3268;CORP_CRED;0.0007
3269;CORP_CRED;0.0026
3270;CORP_CRED;0.0002
3271;CORP_CRED;0.0
3272;CORP_CRED;0.0
3273;CORP_CRED;0.0
3274;CORP_CRED;0.0023
3275;CORP_CRED;0.0002
3276;CORP_CRED;0.0002
3277;CORP_CRED;0.0
3278;CORP_CRED;0.0
3279;CORP_CRED;0.0006
3280;CORP_CRED;0.0
3281;CORP_CRED;0.0002
3282;CORP_CRED;0.0
3283;CORP_CRED;0.0
3284;CORP_CRED;0.0001
3285;CORP_CRED;0.0002
3286;CORP_CRED;0.0
3287;CORP_CRED;0.0021
3288;CORP_CRED;0.0001
3289;CORP_CRED;0.0046
3290;CORP_CRED;0.0
3291;CORP_CRED;0.0015
3292;CORP_CRED;0.0
3293;CORP_CRED;0.0
3294;CORP_CRED;0.0004
3295;CORP_CRED;0.0001
3296;CORP_CRED;0.0014
3297;CORP_CRED;0.0009
3298;CORP_CRED;0.0
3299;CORP_CRED;0.0001
3300;CORP_CRED;0.0
3301;CORP_CRED;0.0001
3302;CORP_CRED;0.0004
3303;CORP_CRED;0.0001
3304;CORP_CRED;0.0001
3305;CORP_CRED;0.0
3306;CORP_CRED;0.0009
3307;CORP_CRED;0.0
3308;CORP_CRED;0.0006
3309;CORP_CRED;0.0001
3310;CORP_CRED;0.0
3311;CORP_CRED;0.0002
3312;CORP_CRED;0.0001
3313;CORP_CRED;0.0
3314;CORP_CRED;0.0002
3315;CORP_CRED;0.0
3316;CORP_CRED;0.0
3318;CORP_CRED;0.0005
3319;CORP_CRED;0.0001
3320;CORP_CRED;0.0
3321;CORP_CRED;0.0001
3322;CORP_CRED;0.0
3323;CORP_CRED;0.0004
3324;CORP_CRED;0.0014
3325;CORP_CRED;0.0001
3326;CORP_CRED;0.0012
3327;CORP_CRED;0.0007
3328;CORP_CRED;0.0002
3329;CORP_CRED;0.002
3330;CORP_CRED;0.0001
3331;CORP_CRED;0.009
3332;CORP_CRED;0.0
3333;CORP_CRED;0.0
3334;CORP_CRED;0.0001
3335;CORP_CRED;0.0
3336;CORP_CRED;0.0012
3337;CORP_CRED;0.0001
3338;CORP_CRED;0.0002
3339;CORP_CRED;0.0002
3340;CORP_CRED;0.0002
3341;CORP_CRED;0.0002
3342;CORP_CRED;0.0007
3343;CORP_CRED;0.0001
3344;CORP_CRED;0.0
3345;CORP_CRED;0.0001
3346;CORP_CRED;0.0001
3347;CORP_CRED;0.0002
3348;CORP_CRED;0.0
3349;CORP_CRED;0.0015
3350;CORP_CRED;0.0002
3351;CORP_CRED;0.0
3352;CORP_CRED;0.0005
3353;CORP_CRED;0.0009
3354;CORP_CRED;0.0002
3355;CORP_CRED;0.0001
3356;CORP_CRED;0.0004
3357;CORP_CRED;0.0
3358;CORP_CRED;0.0002
3359;CORP_CRED;0.0001
3360;CORP_CRED;0.0002
3361;CORP_CRED;0.0082
3362;CORP_CRED;0.0
3363;CORP_CRED;0.0011
3364;CORP_CRED;0.0
3365;CORP_CRED;0.0
3367;CORP_CRED;0.0001
3368;CORP_CRED;0.0015
3369;CORP_CRED;0.0012
3370;CORP_CRED;0.0
3371;CORP_CRED;0.0002
3372;CORP_CRED;0.0001
3373;CORP_CRED;0.0004
3374;CORP_CRED;0.0001
3375;CORP_CRED;0.0017
3376;CORP_CRED;0.0001
3377;CORP_CRED;0.0
3378;CORP_CRED;0.0
3379;CORP_CRED;0.0
3380;CORP_CRED;0.0009
3381;CORP_CRED;0.0001
3383;CORP_CRED;0.0
3384;CORP_CRED;0.0001
3385;CORP_CRED;0.0017
3386;CORP_CRED;0.0001
3387;CORP_CRED;0.0001
3388;CORP_CRED;0.0005
3389;CORP_CRED;0.0
3390;CORP_CRED;0.0
3391;CORP_CRED;0.0011
3392;CORP_CRED;0.0
3393;CORP_CRED;0.0002
3394;CORP_CRED;0.0002
3395;CORP_CRED;0.0001
3396;CORP_CRED;0.0
3397;CORP_CRED;0.0001
3398;CORP_CRED;0.0
3399;CORP_CRED;0.0002
3400;CORP_CRED;0.0004
3401;CORP_CRED;0.0002
3402;CORP_CRED;0.0002
3403;CORP_CRED;0.0001
3404;CORP_CRED;0.0
3405;CORP_CRED;0.0088
3406;CORP_CRED;0.0
3407;CORP_CRED;0.0001
3408;CORP_CRED;0.0006
3409;CORP_CRED;0.003
3410;CORP_CRED;0.0022
3411;CORP_CRED;0.0016
3412;CORP_CRED;0.0001
3413;CORP_CRED;0.0
3414;CORP_CRED;0.0
3415;CORP_CRED;0.0002
3416;CORP_CRED;0.0005
3417;CORP_CRED;0.0
3418;CORP_CRED;0.0004
3419;CORP_CRED;0.0001
3420;CORP_CRED;0.012
3421;CORP_CRED;0.0001
3422;CORP_CRED;0.0
3423;CORP_CRED;0.0
3424;CORP_CRED;0.0007
3425;CORP_CRED;0.0
3426;CORP_CRED;0.0015
3427;CORP_CRED;0.0
3428;CORP_CRED;0.0001
3429;CORP_CRED;0.0002
3430;CORP_CRED;0.0016
3431;CORP_CRED;0.0002
3433;CORP_CRED;0.0
3434;CORP_CRED;0.0004
3435;CORP_CRED;0.0001
3436;CORP_CRED;0.0009
3437;CORP_CRED;0.0002
3438;CORP_CRED;0.0005
3439;CORP_CRED;0.0007
3440;CORP_CRED;0.0001
3441;CORP_CRED;0.0
3442;CORP_CRED;0.0011
3443;CORP_CRED;0.0002
3444;CORP_CRED;0.0
3445;CORP_CRED;0.0
3446;CORP_CRED;0.0002
3447;CORP_CRED;0.0
3448;CORP_CRED;0.0
3449;CORP_CRED;0.0001
3450;CORP_CRED;0.0
3451;CORP_CRED;0.0004
3452;CORP_CRED;0.0
3453;CORP_CRED;0.0001
3454;CORP_CRED;0.0
3455;CORP_CRED;0.0001
3456;CORP_CRED;0.0001
3457;CORP_CRED;0.0
3458;CORP_CRED;0.0005
3459;CORP_CRED;0.0
3460;CORP_CRED;0.0001
3462;CORP_CRED;0.0001
3463;CORP_CRED;0.0002
3464;CORP_CRED;0.0002
3465;CORP_CRED;0.0
3466;CORP_CRED;0.0004
3467;CORP_CRED;0.0
3468;CORP_CRED;0.0
3469;CORP_CRED;0.0
3470;CORP_CRED;0.0
3471;CORP_CRED;0.0
3472;CORP_CRED;0.0134
3473;CORP_CRED;0.0
3474;CORP_CRED;0.0002
3475;CORP_CRED;0.0014
3476;CORP_CRED;0.0002
3477;CORP_CRED;0.0001
3478;CORP_CRED;0.0
3479;CORP_CRED;0.0005
3480;CORP_CRED;0.0002
3481;CORP_CRED;0.0005
3482;CORP_CRED;0.0005
3483;CORP_CRED;0.0001
3484;CORP_CRED;0.0
3485;CORP_CRED;0.0
3486;CORP_CRED;0.0001
3487;CORP_CRED;0.0023
3488;CORP_CRED;0.0
3489;CORP_CRED;0.0002
3491;CORP_CRED;0.0004
3492;CORP_CRED;0.0
3493;CORP_CRED;0.0004
3494;CORP_CRED;0.0006
3495;CORP_CRED;0.0021
3496;CORP_CRED;0.0001
3497;CORP_CRED;0.0006
3498;CORP_CRED;0.0006
3499;CORP_CRED;0.0004
3500;CORP_CRED;0.0001
3501;CORP_CRED;0.0002
3502;CORP_CRED;0.0006
3503;CORP_CRED;0.0006
3504;CORP_CRED;0.0006
3505;CORP_CRED;0.0023
3506;CORP_CRED;0.0014
3507;CORP_CRED;0.0012
3508;CORP_CRED;0.0006
3509;CORP_CRED;0.0019
3510;CORP_CRED;0.0017
3511;CORP_CRED;0.0011
3512;CORP_CRED;0.0004
3513;CORP_CRED;0.0
3514;CORP_CRED;0.0001
3515;CORP_CRED;0.0004
3516;CORP_CRED;0.0087
3517;CORP_CRED;0.0005
3518;CORP_CRED;0.0002
3519;CORP_CRED;0.0004
3520;CORP_CRED;0.0006
3521;CORP_CRED;0.0011
3522;CORP_CRED;0.0019
3523;CORP_CRED;0.0015
3524;CORP_CRED;0.0009
3525;CORP_CRED;0.0005
3526;CORP_CRED;0.0006
3527;CORP_CRED;0.0001
3528;CORP_CRED;0.0004
3529;CORP_CRED;0.0005
3530;CORP_CRED;0.0
3531;CORP_CRED;0.001
3532;CORP_CRED;0.0
3533;CORP_CRED;0.0002
3534;CORP_CRED;0.0004
3535;CORP_CRED;0.0002
3536;CORP_CRED;0.0005
3537;CORP_CRED;0.0007
3538;CORP_CRED;0.0009
3539;CORP_CRED;0.0012
3540;CORP_CRED;0.0002
3541;CORP_CRED;0.0016
3542;CORP_CRED;0.0004
3543;CORP_CRED;0.0006
3544;CORP_CRED;0.0011
3545;CORP_CRED;0.0002
3546;CORP_CRED;0.0004
3547;CORP_CRED;0.0002
3548;CORP_CRED;0.0009
3549;CORP_CRED;0.0002
3550;CORP_CRED;0.001
3551;CORP_CRED;0.0011
3552;CORP_CRED;0.002
3553;CORP_CRED;0.0014
3554;CORP_CRED;0.001
3555;CORP_CRED;0.0004
3556;CORP_CRED;0.0017
3557;CORP_CRED;0.001
3558;CORP_CRED;0.0004
3559;CORP_CRED;0.0014
3560;CORP_CRED;0.0
3561;CORP_CRED;0.0002
3562;CORP_CRED;0.0005
3563;CORP_CRED;0.0012
3564;CORP_CRED;0.0001
3565;CORP_CRED;0.0002
3566;CORP_CRED;0.0002
3567;CORP_CRED;0.0
3568;CORP_CRED;0.0001
3569;CORP_CRED;0.0002
3570;CORP_CRED;0.0025
3571;CORP_CRED;0.0009
3572;CORP_CRED;0.0007
3573;CORP_CRED;0.001
3574;CORP_CRED;0.0002
3575;CORP_CRED;0.0006
3576;CORP_CRED;0.0004
3577;CORP_CRED;0.0001
3578;CORP_CRED;0.0004
3579;CORP_CRED;0.0007
3580;CORP_CRED;0.0004
3581;CORP_CRED;0.0001
3582;CORP_CRED;0.0005
3583;CORP_CRED;0.0005
3584;CORP_CRED;0.0002
3585;CORP_CRED;0.0001
3586;CORP_CRED;0.0
3587;CORP_CRED;0.0
3588;CORP_CRED;0.001
3589;CORP_CRED;0.0038
3590;CORP_CRED;0.0016
3591;CORP_CRED;0.0005
3592;CORP_CRED;0.0001
3593;CORP_CRED;0.0001
3594;CORP_CRED;0.0
3595;CORP_CRED;0.0037
3596;CORP_CRED;0.0005
3597;CORP_CRED;0.0016
3598;CORP_CRED;0.0006
3599;CORP_CRED;0.0
3600;CORP_CRED;0.0009
3601;CORP_CRED;0.0002
3602;CORP_CRED;0.0004
3603;CORP_CRED;0.0023
3604;CORP_CRED;0.001
3605;CORP_CRED;0.0026
3606;CORP_CRED;0.0019
3608;CORP_CRED;0.0001
3609;CORP_CRED;0.0009
3610;CORP_CRED;0.0002
3611;CORP_CRED;0.0001
3612;CORP_CRED;0.0007
3613;CORP_CRED;0.0
3614;CORP_CRED;0.0004
3615;CORP_CRED;0.0
3616;CORP_CRED;0.0004
3617;CORP_CRED;0.0007
3618;CORP_CRED;0.0001
3619;CORP_CRED;0.0
3620;CORP_CRED;0.0101
3621;CORP_CRED;0.0019
3622;CORP_CRED;0.0017
3623;CORP_CRED;0.0002
3624;CORP_CRED;0.0001
3626;CORP_CRED;0.0001
3627;CORP_CRED;0.0
3628;CORP_CRED;0.0001
3630;CORP_CRED;0.0
3631;CORP_CRED;0.0
3632;CORP_CRED;0.0
3633;CORP_CRED;0.0017
3635;CORP_CRED;0.0
3636;CORP_CRED;0.0004
3638;CORP_CRED;0.0
3639;CORP_CRED;0.0001
3640;CORP_CRED;0.0001
3641;CORP_CRED;0.0
3642;CORP_CRED;0.0
3643;CORP_CRED;0.0
3644;CORP_CRED;0.0002
3645;CORP_CRED;0.0004
3646;CORP_CRED;0.0
3647;CORP_CRED;0.0
3648;CORP_CRED;0.0001
3649;CORP_CRED;0.0
3650;CORP_CRED;0.0
3651;CORP_CRED;0.0
3653;CORP_CRED;0.0
3654;CORP_CRED;0.0
3655;CORP_CRED;0.0017
3656;CORP_CRED;0.0001
3657;CORP_CRED;0.0
3658;CORP_CRED;0.0004
3659;CORP_CRED;0.0004
3660;CORP_CRED;0.0
3661;CORP_CRED;0.0031
3662;CORP_CRED;0.0
3663;CORP_CRED;0.0001
3665;CORP_CRED;0.0
3666;CORP_CRED;0.0
3667;CORP_CRED;0.0
3668;CORP_CRED;0.0001
3669;CORP_CRED;0.0
3670;CORP_CRED;0.0
3671;CORP_CRED;0.0002
3672;CORP_CRED;0.0
3673;CORP_CRED;0.0016
3674;CORP_CRED;0.0001
3675;CORP_CRED;0.0004
3677;CORP_CRED;0.0
3678;CORP_CRED;0.0001
3680;CORP_CRED;0.0001
3681;CORP_CRED;0.0007
3682;CORP_CRED;0.0
3683;CORP_CRED;0.0
3684;CORP_CRED;0.002
3685;CORP_CRED;0.0002
3686;CORP_CRED;0.0001
3687;CORP_CRED;0.0
3715;CORP_CRED;0.001
3716;CORP_CRED;0.0
3717;CORP_CRED;0.0
3718;CORP_CRED;0.0
3719;CORP_CRED;0.0009
3720;CORP_CRED;0.0
3721;CORP_CRED;0.0001
3722;CORP_CRED;0.0022
3723;CORP_CRED;0.0004
3724;CORP_CRED;0.0019
3725;CORP_CRED;0.0
3729;CORP_CRED;0.0001
3730;CORP_CRED;0.0
3731;CORP_CRED;0.0004
3733;CORP_CRED;0.0015
3734;CORP_CRED;0.0004
3735;CORP_CRED;0.0
3737;CORP_CRED;0.0
3739;CORP_CRED;0.0002
3740;CORP_CRED;0.0
3741;CORP_CRED;0.0001
3742;CORP_CRED;0.0
3743;CORP_CRED;0.0009
3745;CORP_CRED;0.0
3746;CORP_CRED;0.0
3747;CORP_CRED;0.0007
3748;CORP_CRED;0.0004
3749;CORP_CRED;0.0002
3750;CORP_CRED;0.0009
3873;CORP_CRED;0.0002
3874;CORP_CRED;0.0004
3875;CORP_CRED;0.0
3876;CORP_CRED;0.0
3877;CORP_CRED;0.0001
3878;CORP_CRED;0.0005
3879;CORP_CRED;0.0
3880;CORP_CRED;0.0004
3881;CORP_CRED;0.0001
3882;CORP_CRED;0.001
3883;CORP_CRED;0.0006
3884;CORP_CRED;0.0
3885;CORP_CRED;0.0
3886;CORP_CRED;0.0001
3887;CORP_CRED;0.0027
3888;CORP_CRED;0.0056
3889;CORP_CRED;0.0
3890;CORP_CRED;0.0011
3891;CORP_CRED;0.001
3892;CORP_CRED;0.0026
3893;CORP_CRED;0.0002
3894;CORP_CRED;0.0001
3895;CORP_CRED;0.0011
3896;CORP_CRED;0.0002
3897;CORP_CRED;0.0001
3898;CORP_CRED;0.0002
3899;CORP_CRED;0.0
3900;CORP_CRED;0.0004
3901;CORP_CRED;0.0001
3902;CORP_CRED;0.0005
3903;CORP_CRED;0.0
3904;CORP_CRED;0.0012
3905;CORP_CRED;0.0
3906;CORP_CRED;0.0001
3907;CORP_CRED;0.0001
3908;CORP_CRED;0.0
3909;CORP_CRED;0.0056
3910;CORP_CRED;0.0002
3911;CORP_CRED;0.0001
3912;CORP_CRED;0.0009
3913;CORP_CRED;0.0
3914;CORP_CRED;0.0004
3915;CORP_CRED;0.0
3916;CORP_CRED;0.0005
3917;CORP_CRED;0.0158
3918;CORP_CRED;0.0004
3919;CORP_CRED;0.0
3920;CORP_CRED;0.0001
3921;CORP_CRED;0.0015
3922;CORP_CRED;0.0002
3923;CORP_CRED;0.0011
3924;CORP_CRED;0.0001
3925;CORP_CRED;0.0
3926;CORP_CRED;0.0017
3927;CORP_CRED;0.0005
3928;CORP_CRED;0.0108
3929;CORP_CRED;0.0002
3930;CORP_CRED;0.0004
3931;CORP_CRED;0.0002
3932;CORP_CRED;0.0011
3933;CORP_CRED;0.0001
3934;CORP_CRED;0.0005
3935;CORP_CRED;0.0001
3936;CORP_CRED;0.0006
3937;CORP_CRED;0.0007
3938;CORP_CRED;0.0001
3939;CORP_CRED;0.0
3940;CORP_CRED;0.0004
3941;CORP_CRED;0.0001
3942;CORP_CRED;0.0
3943;CORP_CRED;0.0
3944;CORP_CRED;0.0006
3945;CORP_CRED;0.001
3946;CORP_CRED;0.0
3947;CORP_CRED;0.0028
3948;CORP_CRED;0.0001
3949;CORP_CRED;0.0001
3950;CORP_CRED;0.0001
3951;CORP_CRED;0.001
3952;CORP_CRED;0.0
3953;CORP_CRED;0.0005
3954;CORP_CRED;0.0033
3955;CORP_CRED;0.0001
3956;CORP_CRED;0.0005
3957;CORP_CRED;0.0
3958;CORP_CRED;0.0005
3959;CORP_CRED;0.0007
3960;CORP_CRED;0.0
3962;CORP_CRED;0.0077
3963;CORP_CRED;0.0
3964;CORP_CRED;0.0
3965;CORP_CRED;0.0006
3966;CORP_CRED;0.0001
3967;CORP_CRED;0.0002
3968;CORP_CRED;0.0006
3969;CORP_CRED;0.002
3970;CORP_CRED;0.0002
3971;CORP_CRED;0.0002
3972;CORP_CRED;0.0
3973;CORP_CRED;0.0014
3974;CORP_CRED;0.0004
3975;CORP_CRED;0.0002
3976;CORP_CRED;0.001
3977;CORP_CRED;0.0
3978;CORP_CRED;0.0066
3979;CORP_CRED;0.0005
3980;CORP_CRED;0.0026
3981;CORP_CRED;0.0
3982;CORP_CRED;0.0001
3983;CORP_CRED;0.0007
3984;CORP_CRED;0.0001
3985;CORP_CRED;0.0
3986;CORP_CRED;0.0011
3987;CORP_CRED;0.0006
3988;CORP_CRED;0.0
3989;CORP_CRED;0.0002
3990;CORP_CRED;0.0
3991;CORP_CRED;0.0005
3992;CORP_CRED;0.0001
3993;CORP_CRED;0.0026
3994;CORP_CRED;0.0
3995;CORP_CRED;0.0004
3996;CORP_CRED;0.0004
3997;CORP_CRED;0.0001
3998;CORP_CRED;0.0
3999;CORP_CRED;0.0002
4001;OVERDRAFT;0.0221
4002;OVERDRAFT;0.0001
4003;OVERDRAFT;0.0
4004;OVERDRAFT;0.0079
4005;OVERDRAFT;0.0006
4006;OVERDRAFT;0.0211
4007;OVERDRAFT;0.0001
4014;OVERDRAFT;0.0005
4029;OVERDRAFT;0.0002
4030;OVERDRAFT;0.0145
4031;OVERDRAFT;0.0007
4032;OVERDRAFT;0.0496
4033;OVERDRAFT;0.0367
4034;OVERDRAFT;0.0301
4035;OVERDRAFT;0.0301
4036;OVERDRAFT;0.018
4037;OVERDRAFT;0.0288
4038;OVERDRAFT;0.1077
4039;OVERDRAFT;0.0091
4040;OVERDRAFT;0.0171
4041;OVERDRAFT;0.018
4042;OVERDRAFT;0.084
4043;OVERDRAFT;0.0034
4044;OVERDRAFT;0.01
4045;OVERDRAFT;0.0677
4046;OVERDRAFT;0.0008
4047;OVERDRAFT;0.0046
4048;OVERDRAFT;0.0571
4049;OVERDRAFT;0.0007
4050;OVERDRAFT;0.0572
4051;OVERDRAFT;0.0003
4052;OVERDRAFT;0.0023
4053;OVERDRAFT;0.029
4054;OVERDRAFT;0.0002
4055;OVERDRAFT;0.0011
4056;OVERDRAFT;0.0393
4057;OVERDRAFT;0.0001
4058;OVERDRAFT;0.0354
4091;OVERDRAFT;0.0475
4122;OVERDRAFT;0.0163
4133;CORP_CRED;0.0002
4135;CORP_CRED;0.0014
4137;CORP_CRED;0.0019
4138;CORP_CRED;0.0002
4141;CORP_CRED;0.0022
4143;CORP_CRED;0.0
4144;CORP_CRED;0.0003
4146;CORP_CRED;0.0025
4148;CORP_CRED;0.0028
4149;CORP_CRED;0.0003
4151;CORP_CRED;0.0028
4186;CORP_CRED;0.0001
4188;CORP_CRED;0.0018
4190;CORP_CRED;0.0006
4191;CORP_CRED;0.0157
4192;CORP_CRED;0.0029
4193;CORP_CRED;0.0004
4194;CORP_CRED;0.001
4195;CORP_CRED;0.0031
4196;CORP_CRED;0.0176
4197;CORP_CRED;0.0016
4198;CORP_CRED;0.0033
4199;CORP_CRED;0.0011
4201;CORP_CRED;0.0016
4202;CORP_CRED;0.0136
4203;CORP_CRED;0.0041
4204;CORP_CRED;0.0021
4205;CORP_CRED;0.0054
4206;CORP_CRED;0.0029
4207;CORP_CRED;0.0081
4208;CORP_CRED;0.0038
4209;CORP_CRED;0.003
4210;CORP_CRED;0.0047
4211;CORP_CRED;0.0019
4212;CORP_CRED;0.005
4213;CORP_CRED;0.0046
4214;CORP_CRED;0.0004
4215;CORP_CRED;0.0005
4216;CORP_CRED;0.0003
4217;CORP_CRED;0.0018
4218;CORP_CRED;0.0011
4219;CORP_CRED;0.0038
4220;CORP_CRED;0.0004
4221;CORP_CRED;0.0
4223;CORP_CRED;0.0034
4224;CORP_CRED;0.0006
4225;CORP_CRED;0.0056
4226;CORP_CRED;0.0001
4229;CORP_CRED;0.0003
4230;CORP_CRED;0.0052
4231;CORP_CRED;0.0011
4232;CORP_CRED;0.0001
4233;CORP_CRED;0.0075
4235;CORP_CRED;0.0006
4236;CORP_CRED;0.0001
4237;CORP_CRED;0.001
4238;CORP_CRED;0.0074
4239;CORP_CRED;0.0002
4240;CORP_CRED;0.0007
4242;CORP_CRED;0.0096
4244;CORP_CRED;0.0006
4245;CORP_CRED;0.002
4246;CORP_CRED;0.0127
4250;CORP_CRED;0.0056
4251;CORP_CRED;0.0016
4252;CORP_CRED;0.0
4253;CORP_CRED;0.0003
4254;CORP_CRED;0.0044
4255;CORP_CRED;0.0029
4256;CORP_CRED;0.0002
4257;CORP_CRED;0.002
4258;CORP_CRED;0.0007
4259;CORP_CRED;0.0008
4260;CORP_CRED;0.0002
4261;CORP_CRED;0.0024
4262;CORP_CRED;0.0001
4263;CORP_CRED;0.0
4264;CORP_CRED;0.0026
4265;CORP_CRED;0.0003
4266;CORP_CRED;0.0004
4267;CORP_CRED;0.0005
4268;CORP_CRED;0.0009
4269;CORP_CRED;0.0004
4270;CORP_CRED;0.0002
4271;CORP_CRED;0.0009
4272;CORP_CRED;0.0037
4273;CORP_CRED;0.0033
4274;CORP_CRED;0.0024
4275;CORP_CRED;0.0009
4276;CORP_CRED;0.0002
4277;CORP_CRED;0.0002
4278;CORP_CRED;0.0004
4279;CORP_CRED;0.0001
4280;CORP_CRED;0.0054
4281;CORP_CRED;0.0079
4282;CORP_CRED;0.0001
4283;CORP_CRED;0.0047
4284;CORP_CRED;0.0029
4285;CORP_CRED;0.0033
4286;CORP_CRED;0.0002
4287;CORP_CRED;0.0007
4288;CORP_CRED;0.0
4289;CORP_CRED;0.0016
4290;CORP_CRED;0.0029
4291;CORP_CRED;0.0004
4292;CORP_CRED;0.0003
4293;CORP_CRED;0.0023
4294;CORP_CRED;0.0002
4295;CORP_CRED;0.0017
4296;CORP_CRED;0.0
4297;CORP_CRED;0.0005
4298;CORP_CRED;0.006
4299;CORP_CRED;0.0007
4300;CORP_CRED;0.0021
4301;CORP_CRED;0.0008
4302;CORP_CRED;0.0005
4303;CORP_CRED;0.0
4304;CORP_CRED;0.0015
4305;CORP_CRED;0.0007
4306;CORP_CRED;0.0
4307;CORP_CRED;0.0001
4308;CORP_CRED;0.0014
4309;CORP_CRED;0.0004
4310;CORP_CRED;0.0009
4311;CORP_CRED;0.0007
4312;CORP_CRED;0.0033
4313;CORP_CRED;0.0006
4314;CORP_CRED;0.0022
4315;CORP_CRED;0.0
4316;CORP_CRED;0.0001
4317;CORP_CRED;0.0001
4318;CORP_CRED;0.0017
4319;CORP_CRED;0.0002
4320;CORP_CRED;0.0015
4321;CORP_CRED;0.0027
4322;CORP_CRED;0.006
4323;CORP_CRED;0.0029
4324;CORP_CRED;0.0002
4325;CORP_CRED;0.0007
4326;CORP_CRED;0.0002
4327;CORP_CRED;0.0011
4328;CORP_CRED;0.0007
4329;CORP_CRED;0.0034
4330;CORP_CRED;0.0003
4331;CORP_CRED;0.0
4332;CORP_CRED;0.0012
4333;CORP_CRED;0.0029
4334;CORP_CRED;0.0
4335;CORP_CRED;0.0004
4336;CORP_CRED;0.001
4337;CORP_CRED;0.0001
4338;CORP_CRED;0.0012
4339;CORP_CRED;0.0008
4341;CORP_CRED;0.0004
4342;CORP_CRED;0.0008
4343;CORP_CRED;0.006
4344;CORP_CRED;0.0203
4345;CORP_CRED;0.0019
4346;CORP_CRED;0.0022
4347;CORP_CRED;0.0163
4348;CORP_CRED;0.0047
4349;CORP_CRED;0.001
4350;CORP_CRED;0.0014
4351;CORP_CRED;0.0038
4352;CORP_CRED;0.0002
4353;CORP_CRED;0.0007
4354;CORP_CRED;0.018
4355;CORP_CRED;0.0048
4356;CORP_CRED;0.0132
4357;CORP_CRED;0.001
4358;CORP_CRED;0.0008
4359;CORP_CRED;0.003
4360;CORP_CRED;0.0026
4361;CORP_CRED;0.0005
4362;CORP_CRED;0.0113
4363;CORP_CRED;0.0074
4364;CORP_CRED;0.0058
4365;CORP_CRED;0.002
4366;CORP_CRED;0.0025
4367;CORP_CRED;0.0045
4368;CORP_CRED;0.0087
4369;CORP_CRED;0.0087
4370;CORP_CRED;0.0193
4371;CORP_CRED;0.0083
4372;CORP_CRED;0.0073
4373;CORP_CRED;0.015
4374;CORP_CRED;0.0098
4375;CORP_CRED;0.0043
4376;CORP_CRED;0.0016
4377;CORP_CRED;0.0057
4378;CORP_CRED;0.0036
4379;CORP_CRED;0.0032
4380;CORP_CRED;0.0031
4381;CORP_CRED;0.0295
4382;CORP_CRED;0.0242
4383;CORP_CRED;0.0061
4384;CORP_CRED;0.0001
4385;CORP_CRED;0.0068
4386;CORP_CRED;0.0027
4387;CORP_CRED;0.0091
4388;CORP_CRED;0.004
4389;CORP_CRED;0.0013
4390;CORP_CRED;0.0004
4391;CORP_CRED;0.001
4392;CORP_CRED;0.0043
4393;CORP_CRED;0.0013
4394;CORP_CRED;0.0007
4395;CORP_CRED;0.0004
4396;CORP_CRED;0.0048
4397;CORP_CRED;0.0004
4398;CORP_CRED;0.0062
4399;CORP_CRED;0.0001
4400;CORP_CRED;0.0065
4401;CORP_CRED;0.0038
4402;CORP_CRED;0.0007
4403;CORP_CRED;0.0021
4404;CORP_CRED;0.0013
4405;CORP_CRED;0.0
4406;CORP_CRED;0.0046
4407;CORP_CRED;0.0004
4408;CORP_CRED;0.0002
4409;CORP_CRED;0.0005
4410;CORP_CRED;0.0002
4411;CORP_CRED;0.0013
4412;CORP_CRED;0.006
4413;CORP_CRED;0.0003
4414;CORP_CRED;0.0004
4415;CORP_CRED;0.0007
4416;CORP_CRED;0.0061
4417;CORP_CRED;0.0016
4418;CORP_CRED;0.0123
4419;CORP_CRED;0.0002
4420;CORP_CRED;0.0092
4421;CORP_CRED;0.0007
4422;CORP_CRED;0.0016
4423;CORP_CRED;0.0118
4424;CORP_CRED;0.0009
4425;CORP_CRED;0.0003
4426;CORP_CRED;0.0081
4427;CORP_CRED;0.0002
4428;CORP_CRED;0.0066
4429;CORP_CRED;0.0007
4430;CORP_CRED;0.0009
4431;CORP_CRED;0.0008
4432;CORP_CRED;0.0002
4433;CORP_CRED;0.0091
4434;CORP_CRED;0.0017
4435;CORP_CRED;0.0002
4436;CORP_CRED;0.0004
4437;CORP_CRED;0.0001
4532;CORP_CRED;0.0001
4533;CORP_CRED;0.001
4534;CORP_CRED;0.0003
4535;CORP_CRED;0.0002
4536;CORP_CRED;0.0
4537;CORP_CRED;0.0011
4538;CORP_CRED;0.0004
4541;CORP_CRED;0.0029
4542;CORP_CRED;0.0006
4543;CORP_CRED;0.0002
4544;CORP_CRED;0.0007
4545;CORP_CRED;0.0
4546;CORP_CRED;0.0005
4547;CORP_CRED;0.0005
4548;CORP_CRED;0.0002
4549;CORP_CRED;0.001
4551;CORP_CRED;0.0013
4552;CORP_CRED;0.0002
4553;CORP_CRED;0.0008
4554;CORP_CRED;0.0006
4555;CORP_CRED;0.0016
4556;CORP_CRED;0.0002
4557;CORP_CRED;0.0008
4558;CORP_CRED;0.0012
4559;CORP_CRED;0.0002
4561;CORP_CRED;0.0007
4562;CORP_CRED;0.0002
4563;CORP_CRED;0.0042
4565;CORP_CRED;0.0
4566;CORP_CRED;0.0
4567;CORP_CRED;0.0002
4568;CORP_CRED;0.0002
4569;CORP_CRED;0.0011
4570;CORP_CRED;0.0011
4571;CORP_CRED;0.0001
4572;CORP_CRED;0.0002
4573;CORP_CRED;0.0
4574;CORP_CRED;0.0038
4575;CORP_CRED;0.001
