0,CORP_CRED,0.0068
501,CORP_CRED,0.003
502,CORP_CRED,0.0
503,CORP_CRED,0.0
504,CORP_CRED,0.0
505,CORP_CRED,0.0
508,CORP_CRED,0.0
509,CORP_CRED,0.0
510,CORP_CRED,0.0
511,CORP_CRED,0.0
513,CORP_CRED,0.0
514,CORP_CRED,0.0
515,CORP_CRED,0.0
516,CORP_CRED,0.0
517,CORP_CRED,0.0
518,CORP_CRED,0.0
520,CORP_CRED,0.0
522,CORP_CRED,0.0
523,CORP_CRED,0.0
524,CORP_CRED,0.0
526,CORP_CRED,0.0
527,CORP_CRED,0.0
530,CORP_CRED,0.0
531,CORP_CRED,0.0
532,CORP_CRED,0.0
533,CORP_CRED,0.0
534,CORP_CRED,0.0005
535,CORP_CRED,0.0
537,CORP_CRED,0.0
538,CORP_CRED,0.0
540,CORP_CRED,0.0
541,CORP_CRED,0.0
542,CORP_CRED,0.0
543,CORP_CRED,0.0
544,CORP_CRED,0.0
546,CORP_CRED,0.0003
547,CORP_CRED,0.0
548,CORP_CRED,0.0005
549,CORP_CRED,0.0
550,CORP_CRED,0.0
552,CORP_CRED,0.0
554,CORP_CRED,0.0
555,CORP_CRED,0.0
557,CORP_CRED,0.0
558,CORP_CRED,0.0
559,CORP_CRED,0.0
561,CORP_CRED,0.0
562,CORP_CRED,0.0
594,CORP_CRED,0.0
596,CORP_CRED,0.0003
597,CORP_CRED,0.0
598,CORP_CRED,0.0033
599,CORP_CRED,0.0
600,CORP_CRED,0.0
624,CORP_CRED,0.0
625,CORP_CRED,0.0
626,CORP_CRED,0.0
627,CORP_CRED,0.0
628,CORP_CRED,0.0003
630,CORP_CRED,0.0
631,CORP_CRED,0.0
632,CORP_CRED,0.0
633,CORP_CRED,0.0
634,CORP_CRED,0.0003
636,CORP_CRED,0.0
637,CORP_CRED,0.0
638,CORP_CRED,0.0
639,CORP_CRED,0.0008
640,CORP_CRED,0.0
642,CORP_CRED,0.0
643,CORP_CRED,0.0
644,CORP_CRED,0.0
645,CORP_CRED,0.0
646,CORP_CRED,0.0005
648,CORP_CRED,0.0
649,CORP_CRED,0.0
650,CORP_CRED,0.0005
651,CORP_CRED,0.0
652,CORP_CRED,0.0
653,CORP_CRED,0.0022
654,CORP_CRED,0.0
655,CORP_CRED,0.0
656,CORP_CRED,0.0
657,CORP_CRED,0.0003
658,CORP_CRED,0.0041
659,CORP_CRED,0.0046
660,CORP_CRED,0.0
661,CORP_CRED,0.0
662,CORP_CRED,0.0
663,CORP_CRED,0.0025
664,CORP_CRED,0.0
665,CORP_CRED,0.0
666,CORP_CRED,0.0008
667,CORP_CRED,0.0016
668,CORP_CRED,0.0
669,CORP_CRED,0.0005
670,CORP_CRED,0.0003
671,CORP_CRED,0.0
672,CORP_CRED,0.0
674,CORP_CRED,0.0008
675,CORP_CRED,0.0
676,CORP_CRED,0.0
677,CORP_CRED,0.0005
678,CORP_CRED,0.0
679,CORP_CRED,0.0005
680,CORP_CRED,0.0003
681,CORP_CRED,0.0
682,CORP_CRED,0.0003
683,CORP_CRED,0.0
684,CORP_CRED,0.0082
685,CORP_CRED,0.0005
686,CORP_CRED,0.0014
687,CORP_CRED,0.0136
688,CORP_CRED,0.0
689,CORP_CRED,0.0
691,CORP_CRED,0.0011
692,CORP_CRED,0.0
693,CORP_CRED,0.0
696,CORP_CRED,0.0003
697,CORP_CRED,0.0
698,CORP_CRED,0.0
699,CORP_CRED,0.0
700,CORP_CRED,0.0
701,CORP_CRED,0.0
702,CORP_CRED,0.0
703,CORP_CRED,0.0
704,CORP_CRED,0.0
706,CORP_CRED,0.0
707,CORP_CRED,0.0003
709,CORP_CRED,0.0027
710,CORP_CRED,0.0
711,CORP_CRED,0.0005
712,CORP_CRED,0.0
714,CORP_CRED,0.0
715,CORP_CRED,0.0
716,CORP_CRED,0.0003
717,CORP_CRED,0.0
718,CORP_CRED,0.0
719,CORP_CRED,0.0003
720,CORP_CRED,0.0
721,CORP_CRED,0.0003
722,CORP_CRED,0.0003
723,CORP_CRED,0.0003
724,CORP_CRED,0.0008
725,CORP_CRED,0.0
726,CORP_CRED,0.0
727,CORP_CRED,0.0
728,CORP_CRED,0.0
730,CORP_CRED,0.0005
731,CORP_CRED,0.0
732,CORP_CRED,0.0
734,CORP_CRED,0.0
735,CORP_CRED,0.0
736,CORP_CRED,0.0
737,CORP_CRED,0.0
738,CORP_CRED,0.0
740,CORP_CRED,0.0003
741,CORP_CRED,0.0
742,CORP_CRED,0.0
743,CORP_CRED,0.0
744,CORP_CRED,0.0
745,CORP_CRED,0.0
746,CORP_CRED,0.0003
747,CORP_CRED,0.0
1002,CORP_CRED,0.0011
1003,CORP_CRED,0.0
1004,CORP_CRED,0.0005
1005,CORP_CRED,0.0
1006,CORP_CRED,0.0011
1007,CORP_CRED,0.0008
1008,CORP_CRED,0.0003
1009,CORP_CRED,0.0
1010,CORP_CRED,0.0
1011,CORP_CRED,0.0003
1012,CORP_CRED,0.0011
1013,CORP_CRED,0.0014
1014,CORP_CRED,0.0
1015,CORP_CRED,0.0003
1016,CORP_CRED,0.0
1017,CORP_CRED,0.0
1018,CORP_CRED,0.0003
1019,CORP_CRED,0.0
1020,CORP_CRED,0.0003
1021,CORP_CRED,0.0
1022,CORP_CRED,0.0003
1023,CORP_CRED,0.0003
1024,CORP_CRED,0.0
1025,CORP_CRED,0.0
1026,CORP_CRED,0.0005
1027,CORP_CRED,0.0014
1028,CORP_CRED,0.003
1029,CORP_CRED,0.0
1030,CORP_CRED,0.0
1031,CORP_CRED,0.0
1032,CORP_CRED,0.0003
1033,CORP_CRED,0.0
1035,CORP_CRED,0.0003
1036,CORP_CRED,0.0016
1037,CORP_CRED,0.0
1038,CORP_CRED,0.0
1039,CORP_CRED,0.0
1040,CORP_CRED,0.0
1041,CORP_CRED,0.0082
1042,CORP_CRED,0.0016
1043,CORP_CRED,0.0
1044,CORP_CRED,0.0003
1045,CORP_CRED,0.0003
1046,CORP_CRED,0.018
1047,CORP_CRED,0.0005
1048,CORP_CRED,0.0054
1049,CORP_CRED,0.0005
1050,CORP_CRED,0.0005
1051,CORP_CRED,0.0003
1052,CORP_CRED,0.006
1053,CORP_CRED,0.0005
1054,CORP_CRED,0.0
1055,CORP_CRED,0.0049
1056,CORP_CRED,0.0
1057,CORP_CRED,0.0003
1058,CORP_CRED,0.0
1059,CORP_CRED,0.0003
1060,CORP_CRED,0.0005
1061,CORP_CRED,0.0003
1062,CORP_CRED,0.0
1063,CORP_CRED,0.0
1064,CORP_CRED,0.0
1065,CORP_CRED,0.0106
1066,CORP_CRED,0.0
1067,CORP_CRED,0.0005
1068,CORP_CRED,0.0003
1069,CORP_CRED,0.0
1070,CORP_CRED,0.0008
1071,CORP_CRED,0.0
1072,CORP_CRED,0.0003
1073,CORP_CRED,0.0
1074,CORP_CRED,0.0
1075,CORP_CRED,0.0057
1076,CORP_CRED,0.0
1077,CORP_CRED,0.0005
1078,CORP_CRED,0.0
1079,CORP_CRED,0.0014
1080,CORP_CRED,0.0008
1081,CORP_CRED,0.0
1082,CORP_CRED,0.0
1083,CORP_CRED,0.0
1084,CORP_CRED,0.0065
1085,CORP_CRED,0.0
1086,CORP_CRED,0.0
1087,CORP_CRED,0.0
1088,CORP_CRED,0.0
1089,CORP_CRED,0.0003
1090,CORP_CRED,0.0
1091,CORP_CRED,0.0003
1092,CORP_CRED,0.0003
1093,CORP_CRED,0.0005
1094,CORP_CRED,0.0035
1095,CORP_CRED,0.0
1096,CORP_CRED,0.0011
1097,CORP_CRED,0.0
1098,CORP_CRED,0.0
1099,CORP_CRED,0.0
1100,CORP_CRED,0.0
1101,CORP_CRED,0.0005
1102,CORP_CRED,0.0008
1103,CORP_CRED,0.0044
1104,CORP_CRED,0.0005
1105,CORP_CRED,0.0
1106,CORP_CRED,0.0005
1107,CORP_CRED,0.0
1108,CORP_CRED,0.0003
1109,CORP_CRED,0.0003
1110,CORP_CRED,0.0014
1111,CORP_CRED,0.0
1112,CORP_CRED,0.0
1113,CORP_CRED,0.0005
1114,CORP_CRED,0.0
1115,CORP_CRED,0.0
1116,CORP_CRED,0.0
1117,CORP_CRED,0.0
1118,CORP_CRED,0.0
1119,CORP_CRED,0.0046
1120,CORP_CRED,0.0038
1121,CORP_CRED,0.0003
1122,CORP_CRED,0.0615
1123,CORP_CRED,0.0
1124,CORP_CRED,0.0
1125,CORP_CRED,0.0008
1126,CORP_CRED,0.0
1127,CORP_CRED,0.0
1128,CORP_CRED,0.0016
1129,CORP_CRED,0.0008
1130,CORP_CRED,0.0005
1131,CORP_CRED,0.0049
1132,CORP_CRED,0.0
1133,CORP_CRED,0.0052
1134,CORP_CRED,0.0014
1135,CORP_CRED,0.0005
1136,CORP_CRED,0.0098
1137,CORP_CRED,0.0008
1138,CORP_CRED,0.0003
1139,CORP_CRED,0.0
1140,CORP_CRED,0.0068
1141,CORP_CRED,0.0003
1142,CORP_CRED,0.0022
1143,CORP_CRED,0.0
1144,CORP_CRED,0.0008
1145,CORP_CRED,0.0003
1146,CORP_CRED,0.0025
1147,CORP_CRED,0.0019
1148,CORP_CRED,0.0003
1149,CORP_CRED,0.0
1150,CORP_CRED,0.0321
1151,CORP_CRED,0.0016
1152,CORP_CRED,0.0008
1153,CORP_CRED,0.0
1154,CORP_CRED,0.0011
1155,CORP_CRED,0.0005
1156,CORP_CRED,0.0014
1157,CORP_CRED,0.0109
1158,CORP_CRED,0.009
1159,CORP_CRED,0.0112
1160,CORP_CRED,0.0033
1161,CORP_CRED,0.0038
1162,CORP_CRED,0.0049
1163,CORP_CRED,0.0038
1164,CORP_CRED,0.0022
1165,CORP_CRED,0.0008
1166,CORP_CRED,0.0022
1167,CORP_CRED,0.0025
1168,CORP_CRED,0.0136
1169,CORP_CRED,0.0161
1170,CORP_CRED,0.0112
1171,CORP_CRED,0.0003
1172,CORP_CRED,0.0068
1173,CORP_CRED,0.0003
1174,CORP_CRED,0.0016
1175,CORP_CRED,0.0003
1176,CORP_CRED,0.003
1177,CORP_CRED,0.0008
1178,CORP_CRED,0.0049
1179,CORP_CRED,0.0079
1180,CORP_CRED,0.0008
1181,CORP_CRED,0.0003
1182,CORP_CRED,0.0016
1183,CORP_CRED,0.0204
1184,CORP_CRED,0.0191
1185,CORP_CRED,0.0003
1186,CORP_CRED,0.0
1187,CORP_CRED,0.0003
1188,CORP_CRED,0.0003
1189,CORP_CRED,0.0466
1190,CORP_CRED,0.0
1191,CORP_CRED,0.0016
1192,CORP_CRED,0.0025
1193,CORP_CRED,0.0
1194,CORP_CRED,0.0
1195,CORP_CRED,0.0005
1196,CORP_CRED,0.0
1197,CORP_CRED,0.0291
1198,CORP_CRED,0.0
1199,CORP_CRED,0.0016
1200,CORP_CRED,0.0003
1201,CORP_CRED,0.0
1202,CORP_CRED,0.0003
1203,CORP_CRED,0.0003
1204,CORP_CRED,0.0003
1205,CORP_CRED,0.0534
1206,CORP_CRED,0.0022
1207,CORP_CRED,0.0
1208,CORP_CRED,0.0
1209,CORP_CRED,0.0
1210,CORP_CRED,0.0005
1211,CORP_CRED,0.0014
1212,CORP_CRED,0.0035
1213,CORP_CRED,0.0005
1214,CORP_CRED,0.0109
1215,CORP_CRED,0.0
1216,CORP_CRED,0.0
1217,CORP_CRED,0.0003
1218,CORP_CRED,0.0025
1219,CORP_CRED,0.0
1220,CORP_CRED,0.0
1221,CORP_CRED,0.0005
1222,CORP_CRED,0.0003
1223,CORP_CRED,0.0008
1224,CORP_CRED,0.0022
1225,CORP_CRED,0.0005
1226,CORP_CRED,0.0008
1227,CORP_CRED,0.0041
1228,CORP_CRED,0.0133
1229,CORP_CRED,0.0046
1230,CORP_CRED,0.0003
1231,CORP_CRED,0.0011
1232,CORP_CRED,0.0
1233,CORP_CRED,0.0003
1234,CORP_CRED,0.024
1235,CORP_CRED,0.0
1236,CORP_CRED,0.0
1237,CORP_CRED,0.0003
1238,CORP_CRED,0.0003
1239,CORP_CRED,0.0
1240,CORP_CRED,0.0003
1241,CORP_CRED,0.0005
1242,CORP_CRED,0.0005
1243,CORP_CRED,0.0
1244,CORP_CRED,0.0
1245,CORP_CRED,0.0
1246,CORP_CRED,0.0033
1247,CORP_CRED,0.0003
1248,CORP_CRED,0.0
1249,CORP_CRED,0.0035
1250,CORP_CRED,0.0082
1251,CORP_CRED,0.0
1252,CORP_CRED,0.0003
1253,CORP_CRED,0.0014
1254,CORP_CRED,0.0065
1255,CORP_CRED,0.0
1256,CORP_CRED,0.0
1257,CORP_CRED,0.0
1258,CORP_CRED,0.0
1259,CORP_CRED,0.0003
1260,CORP_CRED,0.0014
1261,CORP_CRED,0.0
1262,CORP_CRED,0.0
1263,CORP_CRED,0.0008
1264,CORP_CRED,0.0
1265,CORP_CRED,0.0019
1266,CORP_CRED,0.0
1267,CORP_CRED,0.0
1268,CORP_CRED,0.0
1269,CORP_CRED,0.0003
1270,CORP_CRED,0.0
1271,CORP_CRED,0.0
1272,CORP_CRED,0.0003
1273,CORP_CRED,0.0
1274,CORP_CRED,0.0014
1275,CORP_CRED,0.0
1276,CORP_CRED,0.0014
1277,CORP_CRED,0.0003
1278,CORP_CRED,0.0
1279,CORP_CRED,0.0
1280,CORP_CRED,0.0
1281,CORP_CRED,0.0003
1282,CORP_CRED,0.0
1283,CORP_CRED,0.0003
1284,CORP_CRED,0.0008
1285,CORP_CRED,0.0008
1286,CORP_CRED,0.0
1287,CORP_CRED,0.0123
1288,CORP_CRED,0.0
1289,CORP_CRED,0.0008
1290,CORP_CRED,0.0
1291,CORP_CRED,0.0014
1292,CORP_CRED,0.0
1293,CORP_CRED,0.0
1294,CORP_CRED,0.0
1295,CORP_CRED,0.0003
1296,CORP_CRED,0.0
1297,CORP_CRED,0.0
1298,CORP_CRED,0.0003
1299,CORP_CRED,0.0
1300,CORP_CRED,0.0
1301,CORP_CRED,0.0
1302,CORP_CRED,0.0003
1303,CORP_CRED,0.0
1304,CORP_CRED,0.0
1305,CORP_CRED,0.0
1306,CORP_CRED,0.0
1307,CORP_CRED,0.0005
1308,CORP_CRED,0.0005
1309,CORP_CRED,0.0
1310,CORP_CRED,0.0003
1311,CORP_CRED,0.0
1312,CORP_CRED,0.0
1313,CORP_CRED,0.0003
1314,CORP_CRED,0.0
1315,CORP_CRED,0.0
1316,CORP_CRED,0.0
1317,CORP_CRED,0.0
1318,CORP_CRED,0.0019
1319,CORP_CRED,0.0016
1320,CORP_CRED,0.0016
1321,CORP_CRED,0.0
1322,CORP_CRED,0.0014
1323,CORP_CRED,0.0
1324,CORP_CRED,0.0011
1325,CORP_CRED,0.0
1326,CORP_CRED,0.0
1327,CORP_CRED,0.0
1328,CORP_CRED,0.0
1329,CORP_CRED,0.0011
1330,CORP_CRED,0.0003
1331,CORP_CRED,0.0
1332,CORP_CRED,0.0
1333,CORP_CRED,0.0
1334,CORP_CRED,0.0
1335,CORP_CRED,0.0
1336,CORP_CRED,0.0
1337,CORP_CRED,0.0008
1338,CORP_CRED,0.0
1339,CORP_CRED,0.0131
1340,CORP_CRED,0.0
1341,CORP_CRED,0.0
1342,CORP_CRED,0.0
1343,CORP_CRED,0.0038
1344,CORP_CRED,0.0
1345,CORP_CRED,0.0003
1346,CORP_CRED,0.0003
1347,CORP_CRED,0.0
1348,CORP_CRED,0.0005
1349,CORP_CRED,0.0
1350,CORP_CRED,0.0
1351,CORP_CRED,0.0
1352,CORP_CRED,0.0
1353,CORP_CRED,0.003
1354,CORP_CRED,0.0
1355,CORP_CRED,0.0
1356,CORP_CRED,0.0005
1357,CORP_CRED,0.0
1358,CORP_CRED,0.0
1359,CORP_CRED,0.0
1360,CORP_CRED,0.0
1361,CORP_CRED,0.0
1362,CORP_CRED,0.0
1363,CORP_CRED,0.0
1364,CORP_CRED,0.0003
1365,CORP_CRED,0.0005
1366,CORP_CRED,0.0003
1367,CORP_CRED,0.0005
1368,CORP_CRED,0.0
1369,CORP_CRED,0.0
1370,CORP_CRED,0.0
1371,CORP_CRED,0.0
1372,CORP_CRED,0.0
1373,CORP_CRED,0.0003
1374,CORP_CRED,0.0
1375,CORP_CRED,0.0003
1376,CORP_CRED,0.0
1377,CORP_CRED,0.0
1378,CORP_CRED,0.0003
1379,CORP_CRED,0.0
1380,CORP_CRED,0.0003
1381,CORP_CRED,0.0019
1382,CORP_CRED,0.0005
1383,CORP_CRED,0.0
1384,CORP_CRED,0.0
1385,CORP_CRED,0.0003
1386,CORP_CRED,0.0
1387,CORP_CRED,0.0
1388,CORP_CRED,0.0
1389,CORP_CRED,0.0
1390,CORP_CRED,0.0008
1391,CORP_CRED,0.0
1392,CORP_CRED,0.0
1393,CORP_CRED,0.0
1394,CORP_CRED,0.0
1395,CORP_CRED,0.0022
1396,CORP_CRED,0.0
1397,CORP_CRED,0.0003
1398,CORP_CRED,0.0
1399,CORP_CRED,0.0
1400,CORP_CRED,0.0005
1401,CORP_CRED,0.0005
1402,CORP_CRED,0.0
1403,CORP_CRED,0.0003
1404,CORP_CRED,0.0
1405,CORP_CRED,0.0
1406,CORP_CRED,0.0
1407,CORP_CRED,0.0
1408,CORP_CRED,0.0
1409,CORP_CRED,0.0003
1410,CORP_CRED,0.0003
1411,CORP_CRED,0.0
1412,CORP_CRED,0.0
1413,CORP_CRED,0.0
1414,CORP_CRED,0.0
1415,CORP_CRED,0.0
1416,CORP_CRED,0.0005
1417,CORP_CRED,0.0
1418,CORP_CRED,0.0
1419,CORP_CRED,0.0
1420,CORP_CRED,0.0
1421,CORP_CRED,0.0
1422,CORP_CRED,0.0003
1423,CORP_CRED,0.0
1424,CORP_CRED,0.0
1425,CORP_CRED,0.0
1426,CORP_CRED,0.0
1427,CORP_CRED,0.0005
1428,CORP_CRED,0.0
1429,CORP_CRED,0.0003
1431,CORP_CRED,0.0014
1432,CORP_CRED,0.0
1433,CORP_CRED,0.0
1434,CORP_CRED,0.0
1435,CORP_CRED,0.0003
1436,CORP_CRED,0.0003
1437,CORP_CRED,0.0
1438,CORP_CRED,0.0068
1439,CORP_CRED,0.0
1440,CORP_CRED,0.0
1441,CORP_CRED,0.0
1442,CORP_CRED,0.0
1443,CORP_CRED,0.0
1444,CORP_CRED,0.0
1445,CORP_CRED,0.0025
1446,CORP_CRED,0.0008
1447,CORP_CRED,0.0
1448,CORP_CRED,0.0005
1449,CORP_CRED,0.0011
1450,CORP_CRED,0.0
1451,CORP_CRED,0.0
1452,CORP_CRED,0.0
1453,CORP_CRED,0.0
1454,CORP_CRED,0.0008
1455,CORP_CRED,0.0003
1456,CORP_CRED,0.0
1457,CORP_CRED,0.0
1458,CORP_CRED,0.0005
1459,CORP_CRED,0.0
1460,CORP_CRED,0.0
1461,CORP_CRED,0.0008
1462,CORP_CRED,0.0
1463,CORP_CRED,0.0
1464,CORP_CRED,0.0027
1465,CORP_CRED,0.0
1466,CORP_CRED,0.0
1467,CORP_CRED,0.0376
1468,CORP_CRED,0.0
1469,CORP_CRED,0.0
1470,CORP_CRED,0.0016
1471,CORP_CRED,0.0003
1472,CORP_CRED,0.0
1473,CORP_CRED,0.0003
1474,CORP_CRED,0.0003
1475,CORP_CRED,0.0003
1476,CORP_CRED,0.0003
1477,CORP_CRED,0.0005
1478,CORP_CRED,0.0005
1479,CORP_CRED,0.0
1480,CORP_CRED,0.0005
1481,CORP_CRED,0.0008
1482,CORP_CRED,0.0
1483,CORP_CRED,0.0
1484,CORP_CRED,0.0
1485,CORP_CRED,0.0057
1486,CORP_CRED,0.0005
1487,CORP_CRED,0.0
1488,CORP_CRED,0.0
1489,CORP_CRED,0.0
1490,CORP_CRED,0.0
1491,CORP_CRED,0.0
1492,CORP_CRED,0.0
1493,CORP_CRED,0.0
1494,CORP_CRED,0.0
1495,CORP_CRED,0.0
1496,CORP_CRED,0.0003
1497,CORP_CRED,0.0
1498,CORP_CRED,0.0
1499,CORP_CRED,0.0
1500,CORP_CRED,0.0
1501,CORP_CRED,0.0011
1502,CORP_CRED,0.0
1504,CORP_CRED,0.0
1505,CORP_CRED,0.0
1506,CORP_CRED,0.0
1507,CORP_CRED,0.0
1508,CORP_CRED,0.0
1509,CORP_CRED,0.0008
1510,CORP_CRED,0.0
1511,CORP_CRED,0.0
1512,CORP_CRED,0.0003
1513,CORP_CRED,0.0003
1514,CORP_CRED,0.0003
1515,CORP_CRED,0.0
1516,CORP_CRED,0.0
1517,CORP_CRED,0.0003
1518,CORP_CRED,0.0
1519,CORP_CRED,0.0
1520,CORP_CRED,0.0
1521,CORP_CRED,0.0022
1522,CORP_CRED,0.0
1523,CORP_CRED,0.0003
1524,CORP_CRED,0.0
1525,CORP_CRED,0.0005
1526,CORP_CRED,0.0005
1527,CORP_CRED,0.0
1528,CORP_CRED,0.0005
1529,CORP_CRED,0.0
1530,CORP_CRED,0.0
1531,CORP_CRED,0.0
1532,CORP_CRED,0.0
1533,CORP_CRED,0.0
1534,CORP_CRED,0.0003
1547,CORP_CRED,0.0003
1548,CORP_CRED,0.0
1549,CORP_CRED,0.0
1550,CORP_CRED,0.0
1551,CORP_CRED,0.0003
1552,CORP_CRED,0.0
1553,CORP_CRED,0.0
1554,CORP_CRED,0.0005
1555,CORP_CRED,0.0
1556,CORP_CRED,0.0
1557,CORP_CRED,0.0008
1558,CORP_CRED,0.0
1559,CORP_CRED,0.0
1560,CORP_CRED,0.0005
1561,CORP_CRED,0.0
1562,CORP_CRED,0.0
1564,CORP_CRED,0.0
1565,CORP_CRED,0.0
1566,CORP_CRED,0.0003
1567,CORP_CRED,0.0011
1568,CORP_CRED,0.0003
1569,CORP_CRED,0.0
1570,CORP_CRED,0.0003
1571,CORP_CRED,0.0011
1572,CORP_CRED,0.0
1573,CORP_CRED,0.0016
1574,CORP_CRED,0.0
1575,CORP_CRED,0.0005
1576,CORP_CRED,0.0
1577,CORP_CRED,0.0003
1578,CORP_CRED,0.0
1579,CORP_CRED,0.0
1580,CORP_CRED,0.0003
1581,CORP_CRED,0.0005
1582,CORP_CRED,0.0
1583,CORP_CRED,0.0
1584,CORP_CRED,0.0
1585,CORP_CRED,0.0
1586,CORP_CRED,0.0
1587,CORP_CRED,0.0
1588,CORP_CRED,0.0
1589,CORP_CRED,0.0
1590,CORP_CRED,0.0
1591,CORP_CRED,0.0
1592,CORP_CRED,0.0
1593,CORP_CRED,0.0
1594,CORP_CRED,0.0003
1595,CORP_CRED,0.0
1596,CORP_CRED,0.0
1597,CORP_CRED,0.0
1598,CORP_CRED,0.0
1599,CORP_CRED,0.0
1600,CORP_CRED,0.0
1601,CORP_CRED,0.0
1602,CORP_CRED,0.0
1603,CORP_CRED,0.0
1604,CORP_CRED,0.0003
1605,CORP_CRED,0.0
1606,CORP_CRED,0.0
1607,CORP_CRED,0.0
1608,CORP_CRED,0.0
1609,CORP_CRED,0.0
1610,CORP_CRED,0.0
1612,CORP_CRED,0.0
1613,CORP_CRED,0.0
1614,CORP_CRED,0.0
1615,CORP_CRED,0.0
1616,CORP_CRED,0.0
1617,CORP_CRED,0.0
1618,CORP_CRED,0.0
1619,CORP_CRED,0.0
1620,CORP_CRED,0.0005
1621,CORP_CRED,0.0003
1622,CORP_CRED,0.0
1623,CORP_CRED,0.0003
1624,CORP_CRED,0.0
1734,CORP_CRED,0.0
1751,CORP_CRED,0.0
1752,CORP_CRED,0.0
1908,CORP_CRED,0.0054
1983,CORP_CRED,0.0
2248,CORP_CRED,0.0
2249,CORP_CRED,0.0002
2254,CORP_CRED,0.0001
2255,CORP_CRED,0.0001
2256,CORP_CRED,0.0001
2258,CORP_CRED,0.0004
2259,CORP_CRED,0.0
2261,CORP_CRED,0.0019
2262,CORP_CRED,0.0
2265,CORP_CRED,0.0
2266,CORP_CRED,0.0001
2271,CORP_CRED,0.0004
2272,CORP_CRED,0.0
2273,CORP_CRED,0.0
2274,CORP_CRED,0.0001
2275,CORP_CRED,0.0001
2279,CORP_CRED,0.0
2288,CORP_CRED,0.0
2289,CORP_CRED,0.0001
2290,CORP_CRED,0.0
2294,CORP_CRED,0.0006
2297,CORP_CRED,0.0
2300,CORP_CRED,0.0
2301,CORP_CRED,0.0
2302,CORP_CRED,0.0
2303,CORP_CRED,0.0
2305,CORP_CRED,0.0
2306,CORP_CRED,0.0002
2307,CORP_CRED,0.0
2308,CORP_CRED,0.0013
2310,CORP_CRED,0.0001
2313,CORP_CRED,0.0
2315,CORP_CRED,0.0005
2319,CORP_CRED,0.0
2320,CORP_CRED,0.0
2321,CORP_CRED,0.0001
2322,CORP_CRED,0.0001
2323,CORP_CRED,0.0001
2326,CORP_CRED,0.0001
2327,CORP_CRED,0.0
2328,CORP_CRED,0.0001
2330,CORP_CRED,0.0004
2331,CORP_CRED,0.0
2333,CORP_CRED,0.0056
2337,CORP_CRED,0.0
2338,CORP_CRED,0.0
2339,CORP_CRED,0.0002
2340,CORP_CRED,0.0
2341,CORP_CRED,0.0001
2342,CORP_CRED,0.0042
2344,CORP_CRED,0.0001
2346,CORP_CRED,0.0004
2347,CORP_CRED,0.0033
2348,CORP_CRED,0.0
2350,CORP_CRED,0.0001
2353,CORP_CRED,0.0001
2357,CORP_CRED,0.0
2358,CORP_CRED,0.0
2360,CORP_CRED,0.0004
2365,CORP_CRED,0.0
2367,CORP_CRED,0.0
2369,CORP_CRED,0.0002
2370,CORP_CRED,0.0
2371,CORP_CRED,0.0004
2435,CORP_CRED,0.0
2498,CORP_CRED,0.0
2500,CORP_CRED,0.0006
2501,CORP_CRED,0.0
2502,CORP_CRED,0.0
2505,CORP_CRED,0.0047
2506,CORP_CRED,0.0007
2507,CORP_CRED,0.0021
2508,CORP_CRED,0.0
2509,CORP_CRED,0.0019
2510,CORP_CRED,0.0001
2511,CORP_CRED,0.0001
2512,CORP_CRED,0.0005
2513,CORP_CRED,0.0
2514,CORP_CRED,0.0001
2515,CORP_CRED,0.0
2516,CORP_CRED,0.0016
2517,CORP_CRED,0.0016
2518,CORP_CRED,0.0
2519,CORP_CRED,0.0
2521,CORP_CRED,0.0
2522,CORP_CRED,0.0005
2523,CORP_CRED,0.0007
2524,CORP_CRED,0.0
2525,CORP_CRED,0.0006
2527,CORP_CRED,0.0002
2528,CORP_CRED,0.0001
2529,CORP_CRED,0.0001
2530,CORP_CRED,0.0004
2531,CORP_CRED,0.0002
2533,CORP_CRED,0.0002
2534,CORP_CRED,0.0005
2535,CORP_CRED,0.0019
2536,CORP_CRED,0.0001
2538,CORP_CRED,0.0
2539,CORP_CRED,0.0004
2540,CORP_CRED,0.0
2541,CORP_CRED,0.0016
2542,CORP_CRED,0.0001
2543,CORP_CRED,0.0
2544,CORP_CRED,0.0004
2546,CORP_CRED,0.0
2547,CORP_CRED,0.0
2549,CORP_CRED,0.0002
2550,CORP_CRED,0.0002
2551,CORP_CRED,0.0004
2552,CORP_CRED,0.0
2553,CORP_CRED,0.0011
2555,CORP_CRED,0.0
2556,CORP_CRED,0.0
2559,CORP_CRED,0.0007
2560,CORP_CRED,0.0
2562,CORP_CRED,0.0001
2563,CORP_CRED,0.0006
2564,CORP_CRED,0.0002
2565,CORP_CRED,0.0002
2566,CORP_CRED,0.0013
2567,CORP_CRED,0.0004
2568,CORP_CRED,0.0002
2569,CORP_CRED,0.0001
2570,CORP_CRED,0.0008
2571,CORP_CRED,0.0001
2572,CORP_CRED,0.0001
2573,CORP_CRED,0.0005
2575,CORP_CRED,0.0002
2576,CORP_CRED,0.0004
2577,CORP_CRED,0.0005
2578,CORP_CRED,0.0004
2579,CORP_CRED,0.0005
2580,CORP_CRED,0.0001
2581,CORP_CRED,0.0007
2582,CORP_CRED,0.0
2583,CORP_CRED,0.0
2584,CORP_CRED,0.0006
2585,CORP_CRED,0.0004
2586,CORP_CRED,0.0002
2587,CORP_CRED,0.0002
2588,CORP_CRED,0.0002
2589,CORP_CRED,0.0006
2591,CORP_CRED,0.0001
2592,CORP_CRED,0.0002
2593,CORP_CRED,0.0
2595,CORP_CRED,0.0001
2596,CORP_CRED,0.0017
2597,CORP_CRED,0.0001
2598,CORP_CRED,0.0004
2599,CORP_CRED,0.0016
2600,CORP_CRED,0.0011
2601,CORP_CRED,0.0001
2602,CORP_CRED,0.0012
2604,CORP_CRED,0.0001
2605,CORP_CRED,0.0001
2607,CORP_CRED,0.0
2608,CORP_CRED,0.0004
2609,CORP_CRED,0.0
2610,CORP_CRED,0.0001
2611,CORP_CRED,0.001
2612,CORP_CRED,0.0004
2613,CORP_CRED,0.0004
2614,CORP_CRED,0.0
2615,CORP_CRED,0.0004
2616,CORP_CRED,0.0002
2618,CORP_CRED,0.0001
2619,CORP_CRED,0.0013
2621,CORP_CRED,0.0004
2622,CORP_CRED,0.0004
2623,CORP_CRED,0.0
2624,CORP_CRED,0.0
2626,CORP_CRED,0.0001
2627,CORP_CRED,0.0
2630,CORP_CRED,0.0001
2631,CORP_CRED,0.0
2633,CORP_CRED,0.0
2634,CORP_CRED,0.0
2635,CORP_CRED,0.0001
2636,CORP_CRED,0.0
2640,CORP_CRED,0.0013
2641,CORP_CRED,0.0002
2642,CORP_CRED,0.0
2644,CORP_CRED,0.0002
2645,CORP_CRED,0.0008
2646,CORP_CRED,0.0002
2649,CORP_CRED,0.0
2650,CORP_CRED,0.0001
2651,CORP_CRED,0.0
2652,CORP_CRED,0.0001
2657,CORP_CRED,0.0006
2658,CORP_CRED,0.0008
2659,CORP_CRED,0.0001
2662,CORP_CRED,0.0001
2664,CORP_CRED,0.0001
2667,CORP_CRED,0.0001
2668,CORP_CRED,0.0
2669,CORP_CRED,0.0012
2670,CORP_CRED,0.0066
2672,CORP_CRED,0.0001
2673,CORP_CRED,0.0
2675,CORP_CRED,0.0004
2677,CORP_CRED,0.0066
2678,CORP_CRED,0.0
2680,CORP_CRED,0.0001
2681,CORP_CRED,0.0
2682,CORP_CRED,0.0006
2683,CORP_CRED,0.0006
2684,CORP_CRED,0.001
2685,CORP_CRED,0.0
2686,CORP_CRED,0.0002
2687,CORP_CRED,0.0001
2688,CORP_CRED,0.0005
2689,CORP_CRED,0.0
2690,CORP_CRED,0.0001
2693,CORP_CRED,0.0083
2695,CORP_CRED,0.0016
2696,CORP_CRED,0.0
2697,CORP_CRED,0.0002
2698,CORP_CRED,0.0
2699,CORP_CRED,0.0001
2700,CORP_CRED,0.0005
2701,CORP_CRED,0.0001
2702,CORP_CRED,0.0
2705,CORP_CRED,0.0004
2707,CORP_CRED,0.0002
2708,CORP_CRED,0.0012
2709,CORP_CRED,0.0
2710,CORP_CRED,0.0001
2711,CORP_CRED,0.0001
2713,CORP_CRED,0.0005
2714,CORP_CRED,0.0001
2715,CORP_CRED,0.0
2716,CORP_CRED,0.0002
2717,CORP_CRED,0.0002
2718,CORP_CRED,0.0
2720,CORP_CRED,0.0005
2723,CORP_CRED,0.0011
2724,CORP_CRED,0.0
2725,CORP_CRED,0.0005
2726,CORP_CRED,0.0001
2727,CORP_CRED,0.0
2729,CORP_CRED,0.0
2730,CORP_CRED,0.0
2731,CORP_CRED,0.0
2732,CORP_CRED,0.0006
2735,CORP_CRED,0.0
2736,CORP_CRED,0.0
2739,CORP_CRED,0.0002
2740,CORP_CRED,0.0
2741,CORP_CRED,0.0001
2742,CORP_CRED,0.0005
2743,CORP_CRED,0.0022
2746,CORP_CRED,0.0
2747,CORP_CRED,0.0002
2748,CORP_CRED,0.0002
2752,CORP_CRED,0.0001
2753,CORP_CRED,0.0
2754,CORP_CRED,0.0
2755,CORP_CRED,0.0
2756,CORP_CRED,0.0059
2757,CORP_CRED,0.0
2759,CORP_CRED,0.0
2760,CORP_CRED,0.0
2761,CORP_CRED,0.0001
2762,CORP_CRED,0.0
2763,CORP_CRED,0.0
2765,CORP_CRED,0.0
2766,CORP_CRED,0.001
2767,CORP_CRED,0.0004
2768,CORP_CRED,0.0001
2769,CORP_CRED,0.0005
2770,CORP_CRED,0.0004
2771,CORP_CRED,0.0015
2772,CORP_CRED,0.0001
2773,CORP_CRED,0.0
2774,CORP_CRED,0.0001
2775,CORP_CRED,0.0
2776,CORP_CRED,0.0
2778,CORP_CRED,0.0
2779,CORP_CRED,0.0006
2780,CORP_CRED,0.0001
2781,CORP_CRED,0.0
2783,CORP_CRED,0.0004
2784,CORP_CRED,0.0002
2785,CORP_CRED,0.0011
2786,CORP_CRED,0.0001
2787,CORP_CRED,0.0002
2788,CORP_CRED,0.0001
2789,CORP_CRED,0.0002
2790,CORP_CRED,0.0
2791,CORP_CRED,0.0001
2792,CORP_CRED,0.0044
2793,CORP_CRED,0.0056
2794,CORP_CRED,0.0
2795,CORP_CRED,0.001
2796,CORP_CRED,0.0
2797,CORP_CRED,0.0002
2798,CORP_CRED,0.0006
2799,CORP_CRED,0.0
2800,CORP_CRED,0.0001
2801,CORP_CRED,0.0005
2802,CORP_CRED,0.0
2804,CORP_CRED,0.0
2805,CORP_CRED,0.0
2806,CORP_CRED,0.0036
2807,CORP_CRED,0.0001
2808,CORP_CRED,0.0004
2809,CORP_CRED,0.0
2810,CORP_CRED,0.0047
2811,CORP_CRED,0.0004
2813,CORP_CRED,0.0
2816,CORP_CRED,0.0
2818,CORP_CRED,0.0
2819,CORP_CRED,0.0
2820,CORP_CRED,0.0
2821,CORP_CRED,0.0008
2822,CORP_CRED,0.0001
2823,CORP_CRED,0.0
2824,CORP_CRED,0.0
2825,CORP_CRED,0.0038
2826,CORP_CRED,0.0005
2827,CORP_CRED,0.0005
2828,CORP_CRED,0.0001
2829,CORP_CRED,0.0001
2830,CORP_CRED,0.0001
2831,CORP_CRED,0.0
2832,CORP_CRED,0.0
2833,CORP_CRED,0.0002
2834,CORP_CRED,0.0
2835,CORP_CRED,0.0005
2836,CORP_CRED,0.0
2837,CORP_CRED,0.0
2838,CORP_CRED,0.0016
2839,CORP_CRED,0.0002
2840,CORP_CRED,0.0
2841,CORP_CRED,0.0
2842,CORP_CRED,0.0
2843,CORP_CRED,0.0005
2844,CORP_CRED,0.0
2845,CORP_CRED,0.0062
2847,CORP_CRED,0.0
2848,CORP_CRED,0.0001
2849,CORP_CRED,0.0
2850,CORP_CRED,0.0
2851,CORP_CRED,0.0
2852,CORP_CRED,0.0001
2853,CORP_CRED,0.0
2854,CORP_CRED,0.0
2855,CORP_CRED,0.0015
2856,CORP_CRED,0.0002
2857,CORP_CRED,0.0001
2858,CORP_CRED,0.0006
2859,CORP_CRED,0.0001
2860,CORP_CRED,0.0001
2861,CORP_CRED,0.0007
2862,CORP_CRED,0.0
2863,CORP_CRED,0.0001
2864,CORP_CRED,0.0
2865,CORP_CRED,0.0002
2866,CORP_CRED,0.0005
2867,CORP_CRED,0.0018
2868,CORP_CRED,0.0001
2869,CORP_CRED,0.0002
2870,CORP_CRED,0.0
2871,CORP_CRED,0.0005
2872,CORP_CRED,0.0
2873,CORP_CRED,0.0
2874,CORP_CRED,0.0
2875,CORP_CRED,0.0007
2876,CORP_CRED,0.0001
2877,CORP_CRED,0.0
2878,CORP_CRED,0.0
2879,CORP_CRED,0.0
2880,CORP_CRED,0.0001
2881,CORP_CRED,0.0017
2882,CORP_CRED,0.0018
2883,CORP_CRED,0.0
2884,CORP_CRED,0.0
2885,CORP_CRED,0.0
2886,CORP_CRED,0.0002
2887,CORP_CRED,0.0
2890,CORP_CRED,0.0001
2891,CORP_CRED,0.0
2892,CORP_CRED,0.0
2893,CORP_CRED,0.0
2894,CORP_CRED,0.0
2895,CORP_CRED,0.0012
2896,CORP_CRED,0.0
2897,CORP_CRED,0.0
2898,CORP_CRED,0.0
2899,CORP_CRED,0.0016
2900,CORP_CRED,0.0005
2901,CORP_CRED,0.0
2902,CORP_CRED,0.0
2903,CORP_CRED,0.0001
2904,CORP_CRED,0.0
2905,CORP_CRED,0.0
2906,CORP_CRED,0.0
2907,CORP_CRED,0.0
2908,CORP_CRED,0.0006
2909,CORP_CRED,0.0
2910,CORP_CRED,0.0
2911,CORP_CRED,0.0002
2912,CORP_CRED,0.0062
2914,CORP_CRED,0.0
2915,CORP_CRED,0.0
2916,CORP_CRED,0.0
2917,CORP_CRED,0.0
2918,CORP_CRED,0.0011
2919,CORP_CRED,0.0002
2920,CORP_CRED,0.0005
2921,CORP_CRED,0.0001
2922,CORP_CRED,0.0005
2923,CORP_CRED,0.0005
2924,CORP_CRED,0.0006
2925,CORP_CRED,0.0001
2926,CORP_CRED,0.0
2927,CORP_CRED,0.0
2928,CORP_CRED,0.0008
2929,CORP_CRED,0.0
2930,CORP_CRED,0.0
2932,CORP_CRED,0.0
2933,CORP_CRED,0.0005
2934,CORP_CRED,0.0006
2935,CORP_CRED,0.007
2936,CORP_CRED,0.0
2937,CORP_CRED,0.0
2938,CORP_CRED,0.0
2939,CORP_CRED,0.0
2940,CORP_CRED,0.0
2942,CORP_CRED,0.0006
2943,CORP_CRED,0.0001
2944,CORP_CRED,0.0
2945,CORP_CRED,0.0
2946,CORP_CRED,0.0
2947,CORP_CRED,0.0
2948,CORP_CRED,0.0
2949,CORP_CRED,0.0
2950,CORP_CRED,0.0018
2951,CORP_CRED,0.0
2952,CORP_CRED,0.0
2953,CORP_CRED,0.0006
2954,CORP_CRED,0.0004
2955,CORP_CRED,0.0
2956,CORP_CRED,0.0007
2957,CORP_CRED,0.0017
2958,CORP_CRED,0.0001
2960,CORP_CRED,0.0
2961,CORP_CRED,0.0
2962,CORP_CRED,0.0
2963,CORP_CRED,0.0038
2966,CORP_CRED,0.0001
2968,CORP_CRED,0.0
2969,CORP_CRED,0.0
2970,CORP_CRED,0.0023
2971,CORP_CRED,0.0
2972,CORP_CRED,0.0
2973,CORP_CRED,0.0025
2974,CORP_CRED,0.0
2975,CORP_CRED,0.0004
2976,CORP_CRED,0.0
2977,CORP_CRED,0.0004
2979,CORP_CRED,0.0
2980,CORP_CRED,0.0
2981,CORP_CRED,0.0001
2982,CORP_CRED,0.0
2984,CORP_CRED,0.0
2986,CORP_CRED,0.0018
2987,CORP_CRED,0.0
2988,CORP_CRED,0.0021
2989,CORP_CRED,0.0
2990,CORP_CRED,0.0
2992,CORP_CRED,0.0006
2993,CORP_CRED,0.0005
2994,CORP_CRED,0.0
2995,CORP_CRED,0.0
2996,CORP_CRED,0.0004
2997,CORP_CRED,0.0
2998,CORP_CRED,0.0
3000,CORP_CRED,0.0
3001,CORP_CRED,0.0
3002,CORP_CRED,0.0
3003,CORP_CRED,0.0
3004,CORP_CRED,0.0004
3005,CORP_CRED,0.0
3008,CORP_CRED,0.0006
3009,CORP_CRED,0.0
3010,CORP_CRED,0.0001
3011,CORP_CRED,0.0005
3012,CORP_CRED,0.0033
3013,CORP_CRED,0.0001
3014,CORP_CRED,0.0004
3016,CORP_CRED,0.0006
3017,CORP_CRED,0.0001
3018,CORP_CRED,0.0
3020,CORP_CRED,0.0
3021,CORP_CRED,0.0
3022,CORP_CRED,0.0
3023,CORP_CRED,0.0
3024,CORP_CRED,0.0
3025,CORP_CRED,0.0
3026,CORP_CRED,0.0
3027,CORP_CRED,0.0
3028,CORP_CRED,0.0005
3029,CORP_CRED,0.0
3030,CORP_CRED,0.0
3031,CORP_CRED,0.0
3032,CORP_CRED,0.0004
3033,CORP_CRED,0.0
3034,CORP_CRED,0.0001
3035,CORP_CRED,0.0004
3036,CORP_CRED,0.0004
3037,CORP_CRED,0.0
3038,CORP_CRED,0.0
3039,CORP_CRED,0.0
3040,CORP_CRED,0.0
3041,CORP_CRED,0.0
3042,CORP_CRED,0.0008
3043,CORP_CRED,0.0
3044,CORP_CRED,0.0025
3045,CORP_CRED,0.0008
3046,CORP_CRED,0.0
3047,CORP_CRED,0.0
3048,CORP_CRED,0.0
3049,CORP_CRED,0.0
3050,CORP_CRED,0.0002
3051,CORP_CRED,0.0002
3052,CORP_CRED,0.0001
3053,CORP_CRED,0.0004
3054,CORP_CRED,0.0015
3055,CORP_CRED,0.0039
3056,CORP_CRED,0.0
3057,CORP_CRED,0.0001
3058,CORP_CRED,0.0
3059,CORP_CRED,0.0
3060,CORP_CRED,0.0
3061,CORP_CRED,0.0011
3062,CORP_CRED,0.0
3063,CORP_CRED,0.0001
3064,CORP_CRED,0.0001
3065,CORP_CRED,0.0007
3066,CORP_CRED,0.0001
3068,CORP_CRED,0.004
3069,CORP_CRED,0.0
3070,CORP_CRED,0.0001
3071,CORP_CRED,0.0
3072,CORP_CRED,0.0
3073,CORP_CRED,0.0
3074,CORP_CRED,0.0002
3075,CORP_CRED,0.0
3076,CORP_CRED,0.0
3077,CORP_CRED,0.0
3079,CORP_CRED,0.0002
3080,CORP_CRED,0.0029
3081,CORP_CRED,0.0001
3082,CORP_CRED,0.0006
3083,CORP_CRED,0.0007
3084,CORP_CRED,0.0006
3085,CORP_CRED,0.0
3086,CORP_CRED,0.0
3088,CORP_CRED,0.0002
3089,CORP_CRED,0.0
3090,CORP_CRED,0.0044
3091,CORP_CRED,0.0001
3092,CORP_CRED,0.0
3093,CORP_CRED,0.0006
3094,CORP_CRED,0.0
3095,CORP_CRED,0.0004
3096,CORP_CRED,0.0001
3097,CORP_CRED,0.0004
3098,CORP_CRED,0.0
3099,CORP_CRED,0.0
3100,CORP_CRED,0.0
3101,CORP_CRED,0.0
3102,CORP_CRED,0.0
3103,CORP_CRED,0.0029
3104,CORP_CRED,0.0
3105,CORP_CRED,0.0
3106,CORP_CRED,0.0
3108,CORP_CRED,0.0001
3110,CORP_CRED,0.0
3111,CORP_CRED,0.0001
3112,CORP_CRED,0.0
3113,CORP_CRED,0.0002
3114,CORP_CRED,0.0004
3115,CORP_CRED,0.0008
3116,CORP_CRED,0.0
3117,CORP_CRED,0.0
3118,CORP_CRED,0.0001
3119,CORP_CRED,0.0
3120,CORP_CRED,0.0001
3121,CORP_CRED,0.0
3122,CORP_CRED,0.0007
3123,CORP_CRED,0.0
3124,CORP_CRED,0.0001
3125,CORP_CRED,0.0012
3126,CORP_CRED,0.0005
3127,CORP_CRED,0.0
3128,CORP_CRED,0.0
3129,CORP_CRED,0.0013
3130,CORP_CRED,0.0005
3131,CORP_CRED,0.0002
3132,CORP_CRED,0.0001
3133,CORP_CRED,0.0005
3134,CORP_CRED,0.0017
3135,CORP_CRED,0.0016
3136,CORP_CRED,0.0
3137,CORP_CRED,0.0001
3138,CORP_CRED,0.0007
3139,CORP_CRED,0.0005
3141,CORP_CRED,0.0001
3142,CORP_CRED,0.0001
3143,CORP_CRED,0.0001
3144,CORP_CRED,0.0005
3145,CORP_CRED,0.0001
3146,CORP_CRED,0.0002
3147,CORP_CRED,0.0
3148,CORP_CRED,0.0
3149,CORP_CRED,0.0289
3150,CORP_CRED,0.0
3151,CORP_CRED,0.0
3152,CORP_CRED,0.0
3153,CORP_CRED,0.0011
3154,CORP_CRED,0.0
3155,CORP_CRED,0.0008
3157,CORP_CRED,0.0001
3158,CORP_CRED,0.0002
3159,CORP_CRED,0.0001
3160,CORP_CRED,0.0001
3161,CORP_CRED,0.0002
3162,CORP_CRED,0.0
3163,CORP_CRED,0.0
3164,CORP_CRED,0.0002
3165,CORP_CRED,0.0002
3166,CORP_CRED,0.001
3167,CORP_CRED,0.0001
3168,CORP_CRED,0.0008
3169,CORP_CRED,0.0001
3170,CORP_CRED,0.0
3171,CORP_CRED,0.0007
3172,CORP_CRED,0.0001
3173,CORP_CRED,0.0188
3174,CORP_CRED,0.0001
3175,CORP_CRED,0.0
3176,CORP_CRED,0.0001
3177,CORP_CRED,0.0001
3178,CORP_CRED,0.0
3179,CORP_CRED,0.0002
3180,CORP_CRED,0.0
3181,CORP_CRED,0.0
3182,CORP_CRED,0.0
3183,CORP_CRED,0.0001
3184,CORP_CRED,0.0
3185,CORP_CRED,0.0007
3186,CORP_CRED,0.0007
3187,CORP_CRED,0.0
3188,CORP_CRED,0.0002
3189,CORP_CRED,0.0005
3190,CORP_CRED,0.0021
3191,CORP_CRED,0.0008
3192,CORP_CRED,0.0004
3193,CORP_CRED,0.0002
3194,CORP_CRED,0.0016
3195,CORP_CRED,0.0032
3196,CORP_CRED,0.0
3197,CORP_CRED,0.0013
3198,CORP_CRED,0.0
3199,CORP_CRED,0.0001
3200,CORP_CRED,0.0
3201,CORP_CRED,0.0002
3202,CORP_CRED,0.0002
3203,CORP_CRED,0.0
3204,CORP_CRED,0.0
3205,CORP_CRED,0.0
3206,CORP_CRED,0.0012
3207,CORP_CRED,0.0002
3208,CORP_CRED,0.0001
3209,CORP_CRED,0.0007
3210,CORP_CRED,0.0002
3211,CORP_CRED,0.0
3212,CORP_CRED,0.0007
3213,CORP_CRED,0.0
3214,CORP_CRED,0.0002
3215,CORP_CRED,0.0137
3216,CORP_CRED,0.0036
3217,CORP_CRED,0.0019
3218,CORP_CRED,0.0
3219,CORP_CRED,0.0001
3220,CORP_CRED,0.0002
3221,CORP_CRED,0.0004
3222,CORP_CRED,0.0001
3223,CORP_CRED,0.0024
3224,CORP_CRED,0.0015
3225,CORP_CRED,0.0004
3226,CORP_CRED,0.0
3227,CORP_CRED,0.0
3228,CORP_CRED,0.0
3229,CORP_CRED,0.0006
3230,CORP_CRED,0.0001
3231,CORP_CRED,0.0006
3232,CORP_CRED,0.0006
3233,CORP_CRED,0.0
3234,CORP_CRED,0.0001
3235,CORP_CRED,0.0
3236,CORP_CRED,0.0
3237,CORP_CRED,0.0008
3238,CORP_CRED,0.0
3239,CORP_CRED,0.0002
3240,CORP_CRED,0.0
3241,CORP_CRED,0.0001
3242,CORP_CRED,0.0
3243,CORP_CRED,0.0311
3244,CORP_CRED,0.0005
3246,CORP_CRED,0.0004
3247,CORP_CRED,0.0007
3248,CORP_CRED,0.0024
3249,CORP_CRED,0.0
3250,CORP_CRED,0.0001
3251,CORP_CRED,0.0035
3252,CORP_CRED,0.0004
3253,CORP_CRED,0.0
3254,CORP_CRED,0.0007
3255,CORP_CRED,0.0004
3256,CORP_CRED,0.0001
3257,CORP_CRED,0.0027
3258,CORP_CRED,0.0
3259,CORP_CRED,0.0001
3260,CORP_CRED,0.0008
3261,CORP_CRED,0.0
3262,CORP_CRED,0.0005
3263,CORP_CRED,0.0006
3264,CORP_CRED,0.0
3265,CORP_CRED,0.004
3266,CORP_CRED,0.0004
3267,CORP_CRED,0.0
3268,CORP_CRED,0.0
3269,CORP_CRED,0.0008
3270,CORP_CRED,0.0
3271,CORP_CRED,0.0001
3272,CORP_CRED,0.0002
3273,CORP_CRED,0.0001
3274,CORP_CRED,0.0001
3275,CORP_CRED,0.0
3276,CORP_CRED,0.0022
3277,CORP_CRED,0.0
3278,CORP_CRED,0.0
3279,CORP_CRED,0.0
3280,CORP_CRED,0.0022
3281,CORP_CRED,0.0008
3282,CORP_CRED,0.0001
3283,CORP_CRED,0.0008
3284,CORP_CRED,0.0
3285,CORP_CRED,0.0004
3286,CORP_CRED,0.0
3287,CORP_CRED,0.0002
3288,CORP_CRED,0.0006
3289,CORP_CRED,0.0
3290,CORP_CRED,0.0
3291,CORP_CRED,0.0
3292,CORP_CRED,0.0001
3293,CORP_CRED,0.0029
3294,CORP_CRED,0.0016
3295,CORP_CRED,0.0016
3296,CORP_CRED,0.0002
3297,CORP_CRED,0.0
3298,CORP_CRED,0.0002
3299,CORP_CRED,0.0008
3300,CORP_CRED,0.0006
3301,CORP_CRED,0.0
3302,CORP_CRED,0.0001
3303,CORP_CRED,0.0002
3304,CORP_CRED,0.0001
3305,CORP_CRED,0.0007
3306,CORP_CRED,0.0
3307,CORP_CRED,0.0004
3308,CORP_CRED,0.0
3309,CORP_CRED,0.0002
3310,CORP_CRED,0.0
3311,CORP_CRED,0.0
3312,CORP_CRED,0.0
3313,CORP_CRED,0.0
3314,CORP_CRED,0.0002
3315,CORP_CRED,0.0001
3316,CORP_CRED,0.001
3317,CORP_CRED,0.0001
3318,CORP_CRED,0.0004
3319,CORP_CRED,0.0001
3320,CORP_CRED,0.0
3321,CORP_CRED,0.0004
3322,CORP_CRED,0.0
3323,CORP_CRED,0.0
3324,CORP_CRED,0.0001
3325,CORP_CRED,0.0008
3326,CORP_CRED,0.0001
3328,CORP_CRED,0.0
3329,CORP_CRED,0.0
3330,CORP_CRED,0.0004
3332,CORP_CRED,0.0
3333,CORP_CRED,0.0
3334,CORP_CRED,0.0001
3335,CORP_CRED,0.0
3336,CORP_CRED,0.0002
3338,CORP_CRED,0.0
3339,CORP_CRED,0.0001
3340,CORP_CRED,0.0
3341,CORP_CRED,0.0
3342,CORP_CRED,0.0
3343,CORP_CRED,0.0
3344,CORP_CRED,0.0002
3345,CORP_CRED,0.0
3346,CORP_CRED,0.0018
3347,CORP_CRED,0.0108
3348,CORP_CRED,0.0001
3349,CORP_CRED,0.0
3350,CORP_CRED,0.0012
3351,CORP_CRED,0.0008
3352,CORP_CRED,0.0002
3353,CORP_CRED,0.0001
3354,CORP_CRED,0.0
3355,CORP_CRED,0.0006
3356,CORP_CRED,0.0001
3357,CORP_CRED,0.0005
3358,CORP_CRED,0.0019
3359,CORP_CRED,0.0001
3360,CORP_CRED,0.0001
3361,CORP_CRED,0.0005
3362,CORP_CRED,0.0046
3363,CORP_CRED,0.0001
3365,CORP_CRED,0.0002
3366,CORP_CRED,0.0096
3367,CORP_CRED,0.0001
3368,CORP_CRED,0.0001
3369,CORP_CRED,0.0002
3370,CORP_CRED,0.0001
3371,CORP_CRED,0.0004
3372,CORP_CRED,0.0
3373,CORP_CRED,0.0001
3374,CORP_CRED,0.0002
3375,CORP_CRED,0.0002
3376,CORP_CRED,0.0013
3377,CORP_CRED,0.0004
3378,CORP_CRED,0.0001
3379,CORP_CRED,0.0001
3380,CORP_CRED,0.0
3381,CORP_CRED,0.009
3382,CORP_CRED,0.0001
3383,CORP_CRED,0.001
3384,CORP_CRED,0.0015
3385,CORP_CRED,0.0005
3386,CORP_CRED,0.0004
3387,CORP_CRED,0.0018
3388,CORP_CRED,0.0
3389,CORP_CRED,0.0016
3390,CORP_CRED,0.0
3391,CORP_CRED,0.0001
3392,CORP_CRED,0.0007
3393,CORP_CRED,0.0
3394,CORP_CRED,0.0001
3395,CORP_CRED,0.0008
3396,CORP_CRED,0.0
3397,CORP_CRED,0.0
3398,CORP_CRED,0.0001
3399,CORP_CRED,0.0
3400,CORP_CRED,0.0
3401,CORP_CRED,0.0002
3402,CORP_CRED,0.0018
3403,CORP_CRED,0.0
3404,CORP_CRED,0.0002
3405,CORP_CRED,0.0
3406,CORP_CRED,0.0
3407,CORP_CRED,0.0015
3408,CORP_CRED,0.0006
3409,CORP_CRED,0.0
3410,CORP_CRED,0.0002
3411,CORP_CRED,0.0006
3412,CORP_CRED,0.0006
3413,CORP_CRED,0.0002
3414,CORP_CRED,0.0
3415,CORP_CRED,0.0002
3416,CORP_CRED,0.0004
3417,CORP_CRED,0.0
3419,CORP_CRED,0.0
3420,CORP_CRED,0.0022
3421,CORP_CRED,0.0
3422,CORP_CRED,0.0
3423,CORP_CRED,0.0
3424,CORP_CRED,0.0002
3426,CORP_CRED,0.0
3427,CORP_CRED,0.0006
3428,CORP_CRED,0.0
3429,CORP_CRED,0.0002
3430,CORP_CRED,0.0
3432,CORP_CRED,0.0001
3433,CORP_CRED,0.0012
3434,CORP_CRED,0.0
3435,CORP_CRED,0.0
3436,CORP_CRED,0.0001
3437,CORP_CRED,0.0
3438,CORP_CRED,0.0
3439,CORP_CRED,0.0
3440,CORP_CRED,0.0022
3441,CORP_CRED,0.0022
3442,CORP_CRED,0.001
3443,CORP_CRED,0.0001
3444,CORP_CRED,0.0005
3445,CORP_CRED,0.0
3446,CORP_CRED,0.0002
3447,CORP_CRED,0.0019
3448,CORP_CRED,0.0
3449,CORP_CRED,0.0
3450,CORP_CRED,0.0
3451,CORP_CRED,0.0002
3452,CORP_CRED,0.0112
3453,CORP_CRED,0.0001
3454,CORP_CRED,0.0
3455,CORP_CRED,0.0001
3456,CORP_CRED,0.0001
3457,CORP_CRED,0.0
3458,CORP_CRED,0.0013
3459,CORP_CRED,0.0
3460,CORP_CRED,0.0007
3461,CORP_CRED,0.0
3462,CORP_CRED,0.0006
3463,CORP_CRED,0.0008
3464,CORP_CRED,0.0
3465,CORP_CRED,0.001
3466,CORP_CRED,0.0002
3467,CORP_CRED,0.0001
3468,CORP_CRED,0.0174
3469,CORP_CRED,0.0
3470,CORP_CRED,0.0
3471,CORP_CRED,0.0
3472,CORP_CRED,0.0004
3473,CORP_CRED,0.0
3474,CORP_CRED,0.0001
3475,CORP_CRED,0.0002
3476,CORP_CRED,0.0005
3477,CORP_CRED,0.0002
3478,CORP_CRED,0.0012
3479,CORP_CRED,0.0
3480,CORP_CRED,0.0001
3481,CORP_CRED,0.0013
3482,CORP_CRED,0.0
3483,CORP_CRED,0.0001
3484,CORP_CRED,0.0007
3485,CORP_CRED,0.0001
3486,CORP_CRED,0.0
3487,CORP_CRED,0.0001
3488,CORP_CRED,0.0002
3489,CORP_CRED,0.0
3490,CORP_CRED,0.0
3491,CORP_CRED,0.0002
3492,CORP_CRED,0.0002
3493,CORP_CRED,0.0
3494,CORP_CRED,0.0022
3495,CORP_CRED,0.0
3496,CORP_CRED,0.0004
3497,CORP_CRED,0.0001
3498,CORP_CRED,0.0005
3499,CORP_CRED,0.0
3500,CORP_CRED,0.0001
3501,CORP_CRED,0.0006
3502,CORP_CRED,0.0019
3503,CORP_CRED,0.0002
3504,CORP_CRED,0.0006
3505,CORP_CRED,0.0002
3506,CORP_CRED,0.0012
3507,CORP_CRED,0.0018
3508,CORP_CRED,0.0006
3509,CORP_CRED,0.0005
3510,CORP_CRED,0.0079
3511,CORP_CRED,0.0021
3512,CORP_CRED,0.0011
3513,CORP_CRED,0.0022
3514,CORP_CRED,0.0
3515,CORP_CRED,0.0002
3516,CORP_CRED,0.0004
3517,CORP_CRED,0.0006
3518,CORP_CRED,0.0001
3519,CORP_CRED,0.0006
3520,CORP_CRED,0.0011
3521,CORP_CRED,0.0005
3522,CORP_CRED,0.0008
3523,CORP_CRED,0.0
3524,CORP_CRED,0.0012
3525,CORP_CRED,0.0012
3526,CORP_CRED,0.0
3527,CORP_CRED,0.0002
3528,CORP_CRED,0.0005
3529,CORP_CRED,0.0007
3530,CORP_CRED,0.001
3531,CORP_CRED,0.0
3532,CORP_CRED,0.0
3533,CORP_CRED,0.0004
3534,CORP_CRED,0.0004
3535,CORP_CRED,0.0002
3536,CORP_CRED,0.0006
3537,CORP_CRED,0.0008
3538,CORP_CRED,0.0007
3539,CORP_CRED,0.0012
3540,CORP_CRED,0.0002
3541,CORP_CRED,0.0015
3542,CORP_CRED,0.0002
3543,CORP_CRED,0.0004
3544,CORP_CRED,0.0004
3545,CORP_CRED,0.0007
3546,CORP_CRED,0.0012
3547,CORP_CRED,0.0002
3548,CORP_CRED,0.0002
3549,CORP_CRED,0.001
3550,CORP_CRED,0.0011
3551,CORP_CRED,0.0012
3552,CORP_CRED,0.0005
3553,CORP_CRED,0.001
3554,CORP_CRED,0.0023
3555,CORP_CRED,0.0017
3556,CORP_CRED,0.0005
3557,CORP_CRED,0.0005
3558,CORP_CRED,0.0012
3559,CORP_CRED,0.0011
3560,CORP_CRED,0.0002
3561,CORP_CRED,0.0004
3562,CORP_CRED,0.0005
3563,CORP_CRED,0.0018
3564,CORP_CRED,0.0002
3565,CORP_CRED,0.0001
3566,CORP_CRED,0.0002
3567,CORP_CRED,0.0004
3568,CORP_CRED,0.0001
3569,CORP_CRED,0.0
3570,CORP_CRED,0.0006
3571,CORP_CRED,0.001
3572,CORP_CRED,0.0004
3573,CORP_CRED,0.0008
3574,CORP_CRED,0.0028
3575,CORP_CRED,0.0005
3576,CORP_CRED,0.0
3577,CORP_CRED,0.0007
3578,CORP_CRED,0.0002
3579,CORP_CRED,0.0
3580,CORP_CRED,0.0007
3581,CORP_CRED,0.0004
3582,CORP_CRED,0.0
3583,CORP_CRED,0.0002
3584,CORP_CRED,0.0004
3585,CORP_CRED,0.0
3586,CORP_CRED,0.0001
3587,CORP_CRED,0.0001
3588,CORP_CRED,0.0015
3589,CORP_CRED,0.0058
3590,CORP_CRED,0.0016
3591,CORP_CRED,0.0006
3592,CORP_CRED,0.0001
3593,CORP_CRED,0.0011
3594,CORP_CRED,0.0
3595,CORP_CRED,0.0019
3596,CORP_CRED,0.0006
3597,CORP_CRED,0.0
3598,CORP_CRED,0.0064
3599,CORP_CRED,0.0005
3600,CORP_CRED,0.0007
3601,CORP_CRED,0.0017
3602,CORP_CRED,0.0
3603,CORP_CRED,0.0
3604,CORP_CRED,0.0
3605,CORP_CRED,0.0018
3606,CORP_CRED,0.0039
3608,CORP_CRED,0.001
3609,CORP_CRED,0.0005
3610,CORP_CRED,0.001
3611,CORP_CRED,0.0033
3612,CORP_CRED,0.0006
3613,CORP_CRED,0.0002
3614,CORP_CRED,0.0001
3615,CORP_CRED,0.0002
3616,CORP_CRED,0.0098
3617,CORP_CRED,0.0012
3618,CORP_CRED,0.0002
3619,CORP_CRED,0.0
3620,CORP_CRED,0.0001
3621,CORP_CRED,0.0001
3622,CORP_CRED,0.0016
3623,CORP_CRED,0.0001
3624,CORP_CRED,0.0001
3628,CORP_CRED,0.0001
3629,CORP_CRED,0.0001
3630,CORP_CRED,0.0002
3631,CORP_CRED,0.0001
3632,CORP_CRED,0.0
3633,CORP_CRED,0.0
3634,CORP_CRED,0.0
3635,CORP_CRED,0.0
3636,CORP_CRED,0.0
3637,CORP_CRED,0.0012
3638,CORP_CRED,0.0
3639,CORP_CRED,0.0
3642,CORP_CRED,0.0
3643,CORP_CRED,0.0
3644,CORP_CRED,0.0015
3645,CORP_CRED,0.0
3646,CORP_CRED,0.0
3647,CORP_CRED,0.0
3648,CORP_CRED,0.0
3653,CORP_CRED,0.0001
3655,CORP_CRED,0.0
3656,CORP_CRED,0.0
3657,CORP_CRED,0.0006
3658,CORP_CRED,0.0
3659,CORP_CRED,0.0018
3660,CORP_CRED,0.0002
3661,CORP_CRED,0.0
3662,CORP_CRED,0.0
3663,CORP_CRED,0.0001
3664,CORP_CRED,0.0001
3666,CORP_CRED,0.0001
3667,CORP_CRED,0.0017
3668,CORP_CRED,0.0
3669,CORP_CRED,0.0
3670,CORP_CRED,0.0
3671,CORP_CRED,0.0001
3672,CORP_CRED,0.0
3674,CORP_CRED,0.0
3675,CORP_CRED,0.0013
3676,CORP_CRED,0.0002
3677,CORP_CRED,0.0
3678,CORP_CRED,0.0008
3679,CORP_CRED,0.0
3680,CORP_CRED,0.0005
3683,CORP_CRED,0.0001
3684,CORP_CRED,0.0001
3748,CORP_CRED,0.0012
3749,CORP_CRED,0.0
3750,CORP_CRED,0.0005
3873,CORP_CRED,0.0059
3874,CORP_CRED,0.0
3875,CORP_CRED,0.0102
3876,CORP_CRED,0.0006
3877,CORP_CRED,0.0
3878,CORP_CRED,0.0049
3879,CORP_CRED,0.0008
3880,CORP_CRED,0.0001
3881,CORP_CRED,0.0
3882,CORP_CRED,0.0011
3883,CORP_CRED,0.0
3884,CORP_CRED,0.0
3885,CORP_CRED,0.0004
3886,CORP_CRED,0.0
3887,CORP_CRED,0.0007
3888,CORP_CRED,0.0001
3889,CORP_CRED,0.0006
3890,CORP_CRED,0.0021
3891,CORP_CRED,0.0004
3892,CORP_CRED,0.0
3893,CORP_CRED,0.0032
3894,CORP_CRED,0.0005
3895,CORP_CRED,0.0001
3896,CORP_CRED,0.0001
3897,CORP_CRED,0.0011
3898,CORP_CRED,0.0004
3899,CORP_CRED,0.0
3900,CORP_CRED,0.0
3901,CORP_CRED,0.0
3902,CORP_CRED,0.0001
3903,CORP_CRED,0.0005
3904,CORP_CRED,0.0006
3905,CORP_CRED,0.0011
3906,CORP_CRED,0.0
3907,CORP_CRED,0.0004
3908,CORP_CRED,0.0001
3909,CORP_CRED,0.0001
3910,CORP_CRED,0.0045
3911,CORP_CRED,0.0002
3912,CORP_CRED,0.0
3913,CORP_CRED,0.0004
3914,CORP_CRED,0.0002
3915,CORP_CRED,0.0001
3916,CORP_CRED,0.0004
3917,CORP_CRED,0.0096
3918,CORP_CRED,0.0004
3919,CORP_CRED,0.0008
3920,CORP_CRED,0.0011
3921,CORP_CRED,0.0194
3922,CORP_CRED,0.0002
3923,CORP_CRED,0.0001
3924,CORP_CRED,0.0013
3925,CORP_CRED,0.0
3926,CORP_CRED,0.0012
3927,CORP_CRED,0.0019
3928,CORP_CRED,0.0
3929,CORP_CRED,0.0001
3930,CORP_CRED,0.0
3931,CORP_CRED,0.0011
3932,CORP_CRED,0.0
3933,CORP_CRED,0.0005
3934,CORP_CRED,0.0001
3935,CORP_CRED,0.0017
3936,CORP_CRED,0.0024
3937,CORP_CRED,0.0001
3938,CORP_CRED,0.007
3939,CORP_CRED,0.0
3940,CORP_CRED,0.0004
3941,CORP_CRED,0.0023
3942,CORP_CRED,0.0001
3943,CORP_CRED,0.0
3944,CORP_CRED,0.0011
3945,CORP_CRED,0.0006
3946,CORP_CRED,0.0033
3947,CORP_CRED,0.0
3948,CORP_CRED,0.0
3949,CORP_CRED,0.0001
3950,CORP_CRED,0.0
3951,CORP_CRED,0.0
3952,CORP_CRED,0.0004
3953,CORP_CRED,0.0008
3954,CORP_CRED,0.0008
3955,CORP_CRED,0.0002
3956,CORP_CRED,0.0004
3957,CORP_CRED,0.0005
3958,CORP_CRED,0.0007
3959,CORP_CRED,0.0002
3960,CORP_CRED,0.0
3961,CORP_CRED,0.0001
3962,CORP_CRED,0.0001
3963,CORP_CRED,0.0004
3964,CORP_CRED,0.0001
3965,CORP_CRED,0.0
3966,CORP_CRED,0.0023
3967,CORP_CRED,0.0033
3968,CORP_CRED,0.0008
3969,CORP_CRED,0.0001
3970,CORP_CRED,0.0002
3971,CORP_CRED,0.0006
3972,CORP_CRED,0.0005
3973,CORP_CRED,0.0
3974,CORP_CRED,0.0002
3975,CORP_CRED,0.0002
3976,CORP_CRED,0.0002
3977,CORP_CRED,0.0006
3978,CORP_CRED,0.0001
3979,CORP_CRED,0.0024
3980,CORP_CRED,0.0001
3981,CORP_CRED,0.0002
3982,CORP_CRED,0.0001
3983,CORP_CRED,0.0004
3984,CORP_CRED,0.0005
3985,CORP_CRED,0.0013
3986,CORP_CRED,0.0
3987,CORP_CRED,0.0
3988,CORP_CRED,0.0001
3989,CORP_CRED,0.0
3990,CORP_CRED,0.0
3991,CORP_CRED,0.001
3992,CORP_CRED,0.0008
3993,CORP_CRED,0.0
3994,CORP_CRED,0.0002
3995,CORP_CRED,0.0001
3996,CORP_CRED,0.0
3997,CORP_CRED,0.0004
3998,CORP_CRED,0.0001
3999,CORP_CRED,0.0
4001,OVERDRAFT,0.0227
4032,OVERDRAFT,0.0641
4033,OVERDRAFT,0.0403
4034,OVERDRAFT,0.0293
4035,OVERDRAFT,0.0364
4036,OVERDRAFT,0.0285
4037,OVERDRAFT,0.018
4038,OVERDRAFT,0.1255
4039,OVERDRAFT,0.0162
4040,OVERDRAFT,0.0086
4041,OVERDRAFT,0.0203
4042,OVERDRAFT,0.0885
4043,OVERDRAFT,0.084
4044,OVERDRAFT,0.008
4045,OVERDRAFT,0.0027
4046,OVERDRAFT,0.0542
4047,OVERDRAFT,0.0637
4048,OVERDRAFT,0.001
4049,OVERDRAFT,0.0033
4050,OVERDRAFT,0.0489
4051,OVERDRAFT,0.0224
4052,OVERDRAFT,0.0006
4053,OVERDRAFT,0.0349
4054,OVERDRAFT,0.0014
4091,OVERDRAFT,0.0467
4122,OVERDRAFT,0.0187
4145,CORP_CRED,0.0
4147,CORP_CRED,0.0
4149,CORP_CRED,0.0
4150,CORP_CRED,0.0
4169,CORP_CRED,0.0
4186,CORP_CRED,0.0
4188,CORP_CRED,0.0
4189,CORP_CRED,0.0
4191,CORP_CRED,0.0
4192,CORP_CRED,0.0
4193,CORP_CRED,0.0
4194,CORP_CRED,0.0
4195,CORP_CRED,0.0
4196,CORP_CRED,0.0
4197,CORP_CRED,0.0
4198,CORP_CRED,0.0
4199,CORP_CRED,0.0
4201,CORP_CRED,0.0
4202,CORP_CRED,0.0
4203,CORP_CRED,0.0
4204,CORP_CRED,0.0
4205,CORP_CRED,0.0
4206,CORP_CRED,0.0
4207,CORP_CRED,0.0
4208,CORP_CRED,0.0
4209,CORP_CRED,0.0
4210,CORP_CRED,0.0
4211,CORP_CRED,0.0
4212,CORP_CRED,0.0
4213,CORP_CRED,0.0
4214,CORP_CRED,0.0
4215,CORP_CRED,0.0
4216,CORP_CRED,0.0
4217,CORP_CRED,0.0
4220,CORP_CRED,0.0
4221,CORP_CRED,0.0
4222,CORP_CRED,0.0
4223,CORP_CRED,0.0
4224,CORP_CRED,0.0
4226,CORP_CRED,0.0
4227,CORP_CRED,0.0
4230,CORP_CRED,0.0
4231,CORP_CRED,0.0
4232,CORP_CRED,0.0
4233,CORP_CRED,0.0
4234,CORP_CRED,0.0
4235,CORP_CRED,0.0
4237,CORP_CRED,0.0
4238,CORP_CRED,0.0
4239,CORP_CRED,0.0
4240,CORP_CRED,0.0
4241,CORP_CRED,0.0
4243,CORP_CRED,0.0
4244,CORP_CRED,0.0
4245,CORP_CRED,0.0
4246,CORP_CRED,0.0
4250,CORP_CRED,0.0
4251,CORP_CRED,0.0
4252,CORP_CRED,0.0
4253,CORP_CRED,0.0
4254,CORP_CRED,0.0
4255,CORP_CRED,0.0
4256,CORP_CRED,0.0
4257,CORP_CRED,0.0
4258,CORP_CRED,0.0
4259,CORP_CRED,0.0
4260,CORP_CRED,0.0
4261,CORP_CRED,0.0
4262,CORP_CRED,0.0
4263,CORP_CRED,0.0
4264,CORP_CRED,0.0
4265,CORP_CRED,0.0
4266,CORP_CRED,0.0
4267,CORP_CRED,0.0
4268,CORP_CRED,0.0
4269,CORP_CRED,0.0
4270,CORP_CRED,0.0
4271,CORP_CRED,0.0
4272,CORP_CRED,0.0
4273,CORP_CRED,0.0
4274,CORP_CRED,0.0
4275,CORP_CRED,0.0
4276,CORP_CRED,0.0
4277,CORP_CRED,0.0
4278,CORP_CRED,0.0
4279,CORP_CRED,0.0
4280,CORP_CRED,0.0
4281,CORP_CRED,0.0
4283,CORP_CRED,0.0
4284,CORP_CRED,0.0
4285,CORP_CRED,0.0
4286,CORP_CRED,0.0
4287,CORP_CRED,0.0
4288,CORP_CRED,0.0
4289,CORP_CRED,0.0
4290,CORP_CRED,0.0
4291,CORP_CRED,0.0
4292,CORP_CRED,0.0
4293,CORP_CRED,0.0
4294,CORP_CRED,0.0
4295,CORP_CRED,0.0
4296,CORP_CRED,0.0
4297,CORP_CRED,0.0
4298,CORP_CRED,0.0
4299,CORP_CRED,0.0
4300,CORP_CRED,0.0
4301,CORP_CRED,0.0
4302,CORP_CRED,0.0
4303,CORP_CRED,0.0
4304,CORP_CRED,0.0
4305,CORP_CRED,0.0
4306,CORP_CRED,0.0
4307,CORP_CRED,0.0
4308,CORP_CRED,0.0
4309,CORP_CRED,0.0
4310,CORP_CRED,0.0
4312,CORP_CRED,0.0
4313,CORP_CRED,0.0
4314,CORP_CRED,0.0
4315,CORP_CRED,0.0
4316,CORP_CRED,0.0
4317,CORP_CRED,0.0
4318,CORP_CRED,0.0
4319,CORP_CRED,0.0
4320,CORP_CRED,0.0
4321,CORP_CRED,0.0
4322,CORP_CRED,0.0
4323,CORP_CRED,0.0
4324,CORP_CRED,0.0
4325,CORP_CRED,0.0
4326,CORP_CRED,0.0
4327,CORP_CRED,0.0
4328,CORP_CRED,0.0
4329,CORP_CRED,0.0
4330,CORP_CRED,0.0
4331,CORP_CRED,0.0
4332,CORP_CRED,0.0
4333,CORP_CRED,0.0
4334,CORP_CRED,0.0
4335,CORP_CRED,0.0
4336,CORP_CRED,0.0
4337,CORP_CRED,0.0
4338,CORP_CRED,0.0
4339,CORP_CRED,0.0
4340,CORP_CRED,0.0
4341,CORP_CRED,0.0
4342,CORP_CRED,0.0
4343,CORP_CRED,0.0
4344,CORP_CRED,0.0
4345,CORP_CRED,0.0
4346,CORP_CRED,0.0
4347,CORP_CRED,0.0
4348,CORP_CRED,0.0
4349,CORP_CRED,0.0
4350,CORP_CRED,0.0
4351,CORP_CRED,0.0
4352,CORP_CRED,0.0
4353,CORP_CRED,0.0
4354,CORP_CRED,0.0
4355,CORP_CRED,0.0
4356,CORP_CRED,0.0
4357,CORP_CRED,0.0
4358,CORP_CRED,0.0
4359,CORP_CRED,0.0
4360,CORP_CRED,0.0
4361,CORP_CRED,0.0
4362,CORP_CRED,0.0
4363,CORP_CRED,0.0
4364,CORP_CRED,0.0
4365,CORP_CRED,0.0
4366,CORP_CRED,0.0
4367,CORP_CRED,0.0
4368,CORP_CRED,0.0
4369,CORP_CRED,0.0
4370,CORP_CRED,0.0
4371,CORP_CRED,0.0
4372,CORP_CRED,0.0
4373,CORP_CRED,0.0
4374,CORP_CRED,0.0
4375,CORP_CRED,0.0
4376,CORP_CRED,0.0
4377,CORP_CRED,0.0
4378,CORP_CRED,0.0
4379,CORP_CRED,0.0
4380,CORP_CRED,0.0
4381,CORP_CRED,0.0
4382,CORP_CRED,0.0
4383,CORP_CRED,0.0
4384,CORP_CRED,0.0
4385,CORP_CRED,0.0
4386,CORP_CRED,0.0
4387,CORP_CRED,0.0
4388,CORP_CRED,0.0
4389,CORP_CRED,0.0
4390,CORP_CRED,0.0
4391,CORP_CRED,0.0
4392,CORP_CRED,0.0
4393,CORP_CRED,0.0
4394,CORP_CRED,0.0
4395,CORP_CRED,0.0
4396,CORP_CRED,0.0
4397,CORP_CRED,0.0
4398,CORP_CRED,0.0
4399,CORP_CRED,0.0
4400,CORP_CRED,0.0
4401,CORP_CRED,0.0
4402,CORP_CRED,0.0
4403,CORP_CRED,0.0
4404,CORP_CRED,0.0
4405,CORP_CRED,0.0
4406,CORP_CRED,0.0
4407,CORP_CRED,0.0
4408,CORP_CRED,0.0
4409,CORP_CRED,0.0
4410,CORP_CRED,0.0
4411,CORP_CRED,0.0
4412,CORP_CRED,0.0
4413,CORP_CRED,0.0
4414,CORP_CRED,0.0
4415,CORP_CRED,0.0
4416,CORP_CRED,0.0
4417,CORP_CRED,0.0
4418,CORP_CRED,0.0
4419,CORP_CRED,0.0
4420,CORP_CRED,0.0
4421,CORP_CRED,0.0
4422,CORP_CRED,0.0
4423,CORP_CRED,0.0
4424,CORP_CRED,0.0
4425,CORP_CRED,0.0
4426,CORP_CRED,0.0
4427,CORP_CRED,0.0
4428,CORP_CRED,0.0
4429,CORP_CRED,0.0
4430,CORP_CRED,0.0
4431,CORP_CRED,0.0
4432,CORP_CRED,0.0
4433,CORP_CRED,0.0
4434,CORP_CRED,0.0
4435,CORP_CRED,0.0
4436,CORP_CRED,0.0
4437,CORP_CRED,0.0
4555,CORP_CRED,0.0
4556,CORP_CRED,0.0
4557,CORP_CRED,0.0
4558,CORP_CRED,0.0
4559,CORP_CRED,0.0
4560,CORP_CRED,0.0
4561,CORP_CRED,0.0
4562,CORP_CRED,0.0
4563,CORP_CRED,0.0
4565,CORP_CRED,0.0
4567,CORP_CRED,0.0
4568,CORP_CRED,0.0
4569,CORP_CRED,0.0
4570,CORP_CRED,0.0
4571,CORP_CRED,0.0
4572,CORP_CRED,0.0
4573,CORP_CRED,0.0
4574,CORP_CRED,0.0
4575,CORP_CRED,0.0